price,image_url,url,product_name,current_color_from_name,available_colors_cleaned,source_file,brand,sku,wishlist_pid,category,available_sizes,flag,tags,promotion,labels,availability,discount,colors,fit,color,variant,available_colors,stock_status,sales,product_type,category_group
32.0,https://cdn.shopify.com/s/files/1/2185/2813/files/A0480U_06519_b1_s1_a1_320x.jpg?v=1755859382,https://www.aloyoga.com/products/a0480u-unisex-half-crew-throwback-sock-green-olive-white,Unisex Half-Crew Throwback Sock,Green Olive/White,"Green Olive/White, Green Olive/White, White/Black, White/Titanium, Bone/White, Black/White, Athletic Heather Grey/White, White/Navy",alo_yoga_products_cleaned.csv,Alo Yoga,,,,,,,,,,,,,,,,,,,Accessories
58.0,https://cdn.shopify.com/s/files/1/2185/2813/products/W7112R_0101_b1_a1_320x.jpg?v=1672871437,https://www.aloyoga.com/products/w7112r-off-duty-cap-black-black,Off-Duty Cap,Black/Black,"Black/Black, Black/Black, Ballet Pink, Bright White/White",alo_yoga_products_cleaned.csv,Alo Yoga,,,,,,,,,,,,,,,,,,,Accessories
68.0,https://cdn.shopify.com/s/files/1/2185/2813/files/A0543U_0101_b1_s1_a1_320x.jpg?v=1747806926,https://www.aloyoga.com/products/a0543u-performance-off-duty-cap-black-black,Performance Off-Duty Cap,Black/Black,"Black/Black, Black/Black, Lunar Grey, Espresso/Espresso, Navy/Navy, White/White",alo_yoga_products_cleaned.csv,Alo Yoga,,,,,,,,,,,,,,,,,,,Accessories
32.0,https://cdn.shopify.com/s/files/1/2185/2813/products/A0480U_0001_b1_a1_320x.jpg?v=1669748933,https://www.aloyoga.com/products/a0480u-unisex-half-crew-throwback-sock-white-black,Unisex Half-Crew Throwback Sock,White/Black,"White/Black, White/Black, White/Titanium, Bone/White, Black/White, Athletic Heather Grey/White, White/Navy, Gravel/White",alo_yoga_products_cleaned.csv,Alo Yoga,,,,,,,,,,,,,,,,,,,Accessories
32.0,https://cdn.shopify.com/s/files/1/2185/2813/products/A0518U_01_b1_a1_320x.jpg?v=1745838296,https://www.aloyoga.com/products/a0518u-performance-conquer-headband-black,Performance Conquer Headband,Black,"Black, Black, Steel Grey, White",alo_yoga_products_cleaned.csv,Alo Yoga,,,,,,,,,,,,,,,,,,,Accessories
34.0,https://cdn.shopify.com/s/files/1/2185/2813/files/A0286W_05201_b1_s1_a1_3036804a-e348-4f82-a26c-a3fd8aa67121_320x.jpg?v=1698259388,https://www.aloyoga.com/products/a0286w-90s-claw-clip-white-pearl,90's Claw Clip,White Pearl,"White Pearl, White Pearl, Green Olive Marble, Candy Red, Ivy Garden, Seashell Blue, Brown Tortoise, Black, Pink Wild Rose Pearl",alo_yoga_products_cleaned.csv,Alo Yoga,,,,,,,,,,,,,,,,,,,Accessories
34.0,https://cdn.shopify.com/s/files/1/2185/2813/files/A0286W_0937_b1_s1_a2_bb49cd7d-3b30-4fd9-8e50-970734733b3e_320x.jpg?v=1756510218,https://www.aloyoga.com/products/a0286w-90s-claw-clip-green-olive-marble,90's Claw Clip,Green Olive Marble,"Green Olive Marble, Green Olive Marble, Candy Red, Ivy Garden, Seashell Blue, White Pearl, Brown Tortoise, Black, Pink Wild Rose Pearl",alo_yoga_products_cleaned.csv,Alo Yoga,,,,,,,,,,,,,,,,,,,Accessories
34.0,https://cdn.shopify.com/s/files/1/2185/2813/files/A0054U_06464_b1_s1_a3_320x.jpg?v=1755903875,https://www.aloyoga.com/products/a0054u-airlift-headband-green-olive,Airlift Headband,Green Olive,"Green Olive, Green Olive, Lunar Grey, Neon Bubblegum, Candy Red, Navy, Seashell Blue, Gravel, Black",alo_yoga_products_cleaned.csv,Alo Yoga,,,,,,,,,,,,,,,,,,,Accessories
68.0,https://cdn.shopify.com/s/files/1/2185/2813/files/A0499U_06464_b1_s1_a2_011d8ad6-e69a-4d4f-b737-bd042b8ceb95_320x.jpg?v=1756250371,https://www.aloyoga.com/products/a0499u-notable-beanie-green-olive,Notable Beanie,Green Olive,"Green Olive, Green Olive, Sweet Pink, Black/Black, Athletic Heather Grey, Espresso, Ivory",alo_yoga_products_cleaned.csv,Alo Yoga,,,,,,,,,,,,,,,,,,,Accessories
30.0,https://cdn.shopify.com/s/files/1/2185/2813/files/A0290U_06710_b1_s1_a1_320x.jpg?v=1755859134,https://www.aloyoga.com/products/a0290u-fresh-mini-scrunchie-3-pack-green-olive-lunar-grey-white,Fresh Mini Scrunchie (3-Pack),Green Olive/Lunar Grey/White,"Green Olive/Lunar Grey/White, Green Olive/Lunar Grey/White, Burgundy/Pink Wild Rose/Ivory, White/Seashell Blue/Spearmint, Seashell Blue/Navy/White, Candy Red/Black/White, Mushroom/Pink Quartz/Smoky Quartz, Bold Red/Sweet Pink/White, Black/White",alo_yoga_products_cleaned.csv,Alo Yoga,,,,,,,,,,,,,,,,,,,Accessories
48.0,https://cdn.shopify.com/s/files/1/2185/2813/files/A0434U_0101_b1_s1_a1_320x.jpg?v=1755859321,https://www.aloyoga.com/products/a0434u-performance-fleece-glove-black-black,Performance Fleece Gloves,Black/Black,"Black/Black, Black/Black, Ivory, Steel Grey",alo_yoga_products_cleaned.csv,Alo Yoga,,,,,,,,,,,,,,,,,,,Accessories
48.0,https://cdn.shopify.com/s/files/1/2185/2813/files/A0424U_0101_b1_s1_a3_5d80a478-9c8c-4603-9721-f1dd9a64f9d9_320x.jpg?v=1756250425,https://www.aloyoga.com/products/a0424u-performance-fleece-beanie-black-black,Performance Fleece Beanie,Black/Black,"Black/Black, Black/Black",alo_yoga_products_cleaned.csv,Alo Yoga,,,,,,,,,,,,,,,,,,,Accessories
32.0,https://cdn.shopify.com/s/files/1/2185/2813/files/A0838U_06464_b1_s1_a2_320x.jpg?v=1755860385,https://www.aloyoga.com/products/a0838u-unisex-half-crew-scrunch-sock-green-olive,Unisex Half-Crew Scrunch Sock,Green Olive,"Green Olive, Green Olive, White, Athletic Heather Grey, Black, Pink Wild Rose",alo_yoga_products_cleaned.csv,Alo Yoga,,,,,,,,,,,,,,,,,,,Accessories
148.0,https://cdn.shopify.com/s/files/1/2185/2813/products/W7092R_01_320x.jpg?v=1679077034,https://www.aloyoga.com/products/w7092r-warrior-mat-black,Warrior Mat,Black,"Black, Black, Smoky Quartz, Eclipse, Jungle",alo_yoga_products_cleaned.csv,Alo Yoga,,,,,,,,,,,,,,,,,,,Accessories
32.0,https://cdn.shopify.com/s/files/1/2185/2813/products/A0480U_0100_b1_a1_320x.jpg?v=1675728954,https://www.aloyoga.com/products/a0480u-unisex-half-crew-throwback-sock-black-white,Unisex Half-Crew Throwback Sock,Black/White,"Black/White, Black/White, White/Black, White/Titanium, Bone/White, Athletic Heather Grey/White, White/Navy, Gravel/White",alo_yoga_products_cleaned.csv,Alo Yoga,,,,,,,,,,,,,,,,,,,Accessories
68.0,https://cdn.shopify.com/s/files/1/2185/2813/products/A0467U_01_b1_a2_320x.jpg?v=1666209001,https://www.aloyoga.com/products/a0467u-district-trucker-hat-black,District Trucker Hat,Black,"Black, Black, Bone, Navy, Gravel, White/White",alo_yoga_products_cleaned.csv,Alo Yoga,,,,,,,,,,,,,,,,,,,Accessories
68.0,https://cdn.shopify.com/s/files/1/2185/2813/products/A0553U_01_b1_a1_320x.jpg?v=1679520289,https://www.aloyoga.com/products/a0553u-airlift-solar-visor-black,Airlift Solar Visor,Black,"Black, Black, Pink Wild Rose, Neon Bubblegum, Candy Red, White",alo_yoga_products_cleaned.csv,Alo Yoga,,,,,,,,,,,,,,,,,,,Accessories
68.0,https://cdn.shopify.com/s/files/1/2185/2813/files/A0684U_00_b1_a1_320x.jpg?v=1710441700,https://www.aloyoga.com/products/a0684u-airlift-solar-visor-white,Airlift Solar Visor,White,"White, White, Pink Wild Rose, Neon Bubblegum, Candy Red, Black",alo_yoga_products_cleaned.csv,Alo Yoga,,,,,,,,,,,,,,,,,,,Accessories
68.0,https://cdn.shopify.com/s/files/1/2185/2813/files/A0543U_05467_b1_s1_a5_320x.jpg?v=1753984267,https://www.aloyoga.com/products/a0543u-performance-off-duty-cap-espresso-espresso,Performance Off-Duty Cap,Espresso/Espresso,"Espresso/Espresso, Espresso/Espresso, Lunar Grey, Navy/Navy, White/White, Black/Black",alo_yoga_products_cleaned.csv,Alo Yoga,,,,,,,,,,,,,,,,,,,Accessories
58.0,https://cdn.shopify.com/s/files/1/2185/2813/products/W7112R_04448_b1_a1_320x.jpg?v=1657732084,https://www.aloyoga.com/products/w7112r-off-duty-cap-bright-white-white,Off-Duty Cap,Bright White/White,"Bright White/White, Bright White/White, Ballet Pink, Black/Black",alo_yoga_products_cleaned.csv,Alo Yoga,,,,,,,,,,,,,,,,,,,Accessories
34.0,https://cdn.shopify.com/s/files/1/2185/2813/files/A0286W_05200_b1_s1_a1_af11627d-df09-4830-9b0b-5693ac9f9597_320x.jpg?v=1698259824,https://www.aloyoga.com/products/a0286w-90s-claw-clip-brown-tortoise,90's Claw Clip,Brown Tortoise,"Brown Tortoise, Brown Tortoise, Green Olive Marble, Candy Red, Ivy Garden, Seashell Blue, White Pearl, Black, Pink Wild Rose Pearl",alo_yoga_products_cleaned.csv,Alo Yoga,,,,,,,,,,,,,,,,,,,Accessories
34.0,https://cdn.shopify.com/s/files/1/2185/2813/files/A0482U_01_b2_a1_m224_320x.jpg?v=1746478889,https://www.aloyoga.com/products/a0482u-airlift-headband-black,Airlift Headband,Black,"Black, Black, Green Olive, Lunar Grey, Neon Bubblegum, Candy Red, Navy, Seashell Blue, Gravel",alo_yoga_products_cleaned.csv,Alo Yoga,,,,,,,,,,,,,,,,,,,Accessories
68.0,https://cdn.shopify.com/s/files/1/2185/2813/files/A0543U_03842_b1_s1_a1_320x.jpg?v=1752497706,https://www.aloyoga.com/products/a0543u-performance-off-duty-cap-navy-navy,Performance Off-Duty Cap,Navy/Navy,"Navy/Navy, Navy/Navy, Lunar Grey, Espresso/Espresso, White/White, Black/Black",alo_yoga_products_cleaned.csv,Alo Yoga,,,,,,,,,,,,,,,,,,,Accessories
78.0,https://cdn.shopify.com/s/files/1/2185/2813/files/A0497U_02119_b1_a1_6a5e8537-8765-4e5f-b7f1-422a0c5ae24c_320x.jpg?v=1692139955,https://www.aloyoga.com/products/a0497u-washed-off-duty-cap-vintage-black,Washed Off-Duty Cap,Vintage Black,"Vintage Black, Vintage Black, Vintage Navy, Sand Dollar",alo_yoga_products_cleaned.csv,Alo Yoga,,,,,,,,,,,,,,,,,,,Accessories
58.0,https://cdn.shopify.com/s/files/1/2185/2813/files/A0648U_06463_b1_s1_a4_320x.jpg?v=1753936285,https://www.aloyoga.com/products/a0648u-off-duty-cap-pink-wild-rose,Off-Duty Cap,Pink Wild Rose,"Pink Wild Rose, Pink Wild Rose",alo_yoga_products_cleaned.csv,Alo Yoga,,,,,,,,,,,,,,,,,,,Accessories
68.0,https://cdn.shopify.com/s/files/1/2185/2813/files/A0543U_0000_b1_s1_a1_320x.jpg?v=1747806705,https://www.aloyoga.com/products/a0543u-performance-off-duty-cap-white-white,Performance Off-Duty Cap,White/White,"White/White, White/White, Lunar Grey, Espresso/Espresso, Navy/Navy, Black/Black",alo_yoga_products_cleaned.csv,Alo Yoga,,,,,,,,,,,,,,,,,,,Accessories
68.0,https://cdn.shopify.com/s/files/1/2185/2813/files/A0543U_06461_b1_s1_a1_320x.jpg?v=1754572727,https://www.aloyoga.com/products/a0543u-performance-off-duty-cap-lunar-grey,Performance Off-Duty Cap,Lunar Grey,"Lunar Grey, Lunar Grey, Espresso/Espresso, Navy/Navy, White/White, Black/Black",alo_yoga_products_cleaned.csv,Alo Yoga,,,,,,,,,,,,,,,,,,,Accessories
68.0,https://cdn.shopify.com/s/files/1/2185/2813/files/A0467U_01347_b1_s1_a2_89bc0548-2e2a-4107-a8be-0e80bd8f130e_320x.jpg?v=1718385646,https://www.aloyoga.com/products/a0467u-district-trucker-hat-gravel,District Trucker Hat,Gravel,"Gravel, Gravel, Bone, Navy, Black, White/White",alo_yoga_products_cleaned.csv,Alo Yoga,,,,,,,,,,,,,,,,,,,Accessories
34.0,https://cdn.shopify.com/s/files/1/2185/2813/products/A0286W_01_b1_a1_320x.jpg?v=1663026977,https://www.aloyoga.com/products/a0286w-90s-claw-clip-black,90's Claw Clip,Black,"Black, Black, Green Olive Marble, Candy Red, Ivy Garden, Seashell Blue, White Pearl, Brown Tortoise, Pink Wild Rose Pearl",alo_yoga_products_cleaned.csv,Alo Yoga,,,,,,,,,,,,,,,,,,,Accessories
32.0,https://cdn.shopify.com/s/files/1/2185/2813/products/A0225U_01_1_320x.jpg?v=1642363332,https://www.aloyoga.com/products/a0225u-love-knots-tie-scrunchie-black,Love Knots Tie Scrunchie,Black,"Black, Black, Pink Wild Rose, Candy Red, Macadamia, Smoky Quartz, Pink Quartz, White",alo_yoga_products_cleaned.csv,Alo Yoga,,,,,,,,,,,,,,,,,,,Accessories
68.0,https://cdn.shopify.com/s/files/1/2185/2813/files/A0467U_03040_b1_a2_320x.jpg?v=1706048195,https://www.aloyoga.com/products/a0467u-district-trucker-hat-bone,District Trucker Hat,Bone,"Bone, Bone, Navy, Gravel, Black, White/White",alo_yoga_products_cleaned.csv,Alo Yoga,,,,,,,,,,,,,,,,,,,Accessories
108.0,https://cdn.shopify.com/s/files/1/2185/2813/products/A0305U_01_b1_a1_320x.jpg?v=1656708781,https://www.aloyoga.com/products/a0305u-stride-running-belt-black,Stride Running Belt,Black,"Black, Black",alo_yoga_products_cleaned.csv,Alo Yoga,,,,,,,,,,,,,,,,,,,Accessories
20.0,https://cdn.shopify.com/s/files/1/2185/2813/products/A0051U_01_b1_a1_320x.jpg?v=1663365038,https://www.aloyoga.com/products/a0051u-untangled-hair-tie-6-pack-black,Untangled Hair Tie 6-Pack,Black,"Black, Black",alo_yoga_products_cleaned.csv,Alo Yoga,,,,,,,,,,,,,,,,,,,Accessories
148.0,https://cdn.shopify.com/s/files/1/2185/2813/products/W7192R_02512_320x.jpg?v=1679076834,https://www.aloyoga.com/products/w7092r-warrior-mat-smoky-quartz,Warrior Mat,Smoky Quartz,"Smoky Quartz, Smoky Quartz, Eclipse, Black, Jungle",alo_yoga_products_cleaned.csv,Alo Yoga,,,,,,,,,,,,,,,,,,,Accessories
58.0,https://cdn.shopify.com/s/files/1/2185/2813/files/A0801U_0100_b1_s1_a3_320x.jpg?v=1747432627,https://www.aloyoga.com/products/a0801u-colorblock-visor-black-white,Colorblock Visor,Black/White,"Black/White, Black/White, Macadamia/White",alo_yoga_products_cleaned.csv,Alo Yoga,,,,,,,,,,,,,,,,,,,Accessories
68.0,https://cdn.shopify.com/s/files/1/2185/2813/files/A0499U_01_b1_a4_e753258b-1deb-48b5-8db9-cb64ec3b0591_320x.jpg?v=1756757833,https://www.aloyoga.com/products/a0499u-notable-beanie-black-black,Notable Beanie,Black/Black,"Black/Black, Black/Black, Green Olive, Sweet Pink, Athletic Heather Grey, Espresso, Ivory",alo_yoga_products_cleaned.csv,Alo Yoga,,,,,,,,,,,,,,,,,,,Accessories
32.0,https://cdn.shopify.com/s/files/1/2185/2813/products/A0518U_00_b1_a1_320x.jpg?v=1681162584,https://www.aloyoga.com/products/a0518u-performance-conquer-headband-white,Performance Conquer Headband,White,"White, White, Steel Grey, Black",alo_yoga_products_cleaned.csv,Alo Yoga,,,,,,,,,,,,,,,,,,,Accessories
30.0,https://cdn.shopify.com/s/files/1/2185/2813/files/A0290U_0100_b1_a1_320x.jpg?v=1684958321,https://www.aloyoga.com/products/a0290u-fresh-mini-scrunchie-3-pack-black-white,Fresh Mini Scrunchie (3-Pack),Black/White,"Black/White, Black/White, Green Olive/Lunar Grey/White, Burgundy/Pink Wild Rose/Ivory, White/Seashell Blue/Spearmint, Seashell Blue/Navy/White, Candy Red/Black/White, Mushroom/Pink Quartz/Smoky Quartz, Bold Red/Sweet Pink/White",alo_yoga_products_cleaned.csv,Alo Yoga,,,,,,,,,,,,,,,,,,,Accessories
148.0,https://cdn.shopify.com/s/files/1/2185/2813/files/W7192R_04064_b1_s1_a1_320x.jpg?v=1734041894,https://www.aloyoga.com/products/w7192r-warrior-mat-espresso,Warrior Mat,Espresso,"Espresso, Espresso",alo_yoga_products_cleaned.csv,Alo Yoga,,,,,,,,,,,,,,,,,,,Accessories
34.0,https://cdn.shopify.com/s/files/1/2185/2813/files/A0054U_03842_b1_s1_a1_e132246a-e5ec-4c8d-968e-4669a93382e6_320x.jpg?v=1752867373,https://www.aloyoga.com/products/a0054u-airlift-headband-navy,Airlift Headband,Navy,"Navy, Navy, Green Olive, Lunar Grey, Neon Bubblegum, Candy Red, Seashell Blue, Gravel, Black",alo_yoga_products_cleaned.csv,Alo Yoga,,,,,,,,,,,,,,,,,,,Accessories
68.0,https://cdn.shopify.com/s/files/1/2185/2813/files/A024U_01_b1_a2_56d8c4a9-a3c7-4b3a-b5fc-97ac0b2bbccd_320x.jpg?v=1734138211,https://www.aloyoga.com/products/a0242u-everyday-beanie-black,Everyday Beanie,Black,"Black, Black, Charcoal Green, Gravel",alo_yoga_products_cleaned.csv,Alo Yoga,,,,,,,,,,,,,,,,,,,Accessories
78.0,https://cdn.shopify.com/s/files/1/2185/2813/files/A0545U_05541_b1_s1_a2_320x.jpg?v=1734371949,https://www.aloyoga.com/products/a0545u-performance-district-trucker-hat-steel-grey,Performance District Trucker Hat,Steel Grey,"Steel Grey, Steel Grey, Black, White",alo_yoga_products_cleaned.csv,Alo Yoga,,,,,,,,,,,,,,,,,,,Accessories
68.0,https://cdn.shopify.com/s/files/1/2185/2813/products/A0007U_0000_b1_a1_d58165c2-75f3-45fa-9e9d-d36761d8b212_320x.jpg?v=1663367555,https://www.aloyoga.com/products/a0007u-district-trucker-hat-white-white,District Trucker Hat,White/White,"White/White, White/White, Bone, Navy, Gravel, Black",alo_yoga_products_cleaned.csv,Alo Yoga,,,,,,,,,,,,,,,,,,,Accessories
78.0,https://cdn.shopify.com/s/files/1/2185/2813/files/A0497U_06010_b1_s1_a2_320x.jpg?v=1734048955,https://www.aloyoga.com/products/a0497u-washed-off-duty-cap-vintage-navy,Washed Off-Duty Cap,Vintage Navy,"Vintage Navy, Vintage Navy, Sand Dollar, Vintage Black",alo_yoga_products_cleaned.csv,Alo Yoga,,,,,,,,,,,,,,,,,,,Accessories
68.0,https://cdn.shopify.com/s/files/1/2185/2813/files/A0684U_06463_b1_s1_a3_320x.jpg?v=1753982575,https://www.aloyoga.com/products/a0684u-airlift-solar-visor-pink-wild-rose,Airlift Solar Visor,Pink Wild Rose,"Pink Wild Rose, Pink Wild Rose, Neon Bubblegum, Candy Red, White, Black",alo_yoga_products_cleaned.csv,Alo Yoga,,,,,,,,,,,,,,,,,,,Accessories
78.0,https://cdn.shopify.com/s/files/1/2185/2813/files/A0497U_05787_b1_s1_a1_320x.jpg?v=1717097045,https://www.aloyoga.com/products/a0497u-washed-off-duty-cap-sand-dollar,Washed Off-Duty Cap,Sand Dollar,"Sand Dollar, Sand Dollar, Vintage Navy, Vintage Black",alo_yoga_products_cleaned.csv,Alo Yoga,,,,,,,,,,,,,,,,,,,Accessories
68.0,https://cdn.shopify.com/s/files/1/2185/2813/files/A0543U_05442_b1_s1_a2_f9d5b753-f116-4efc-bf99-5a9b56169a33_320x.jpg?v=1750178842,https://www.aloyoga.com/products/a0543u-performance-off-duty-cap-seashell-blue,Performance Off-Duty Cap,Seashell Blue,"Seashell Blue, Seashell Blue",alo_yoga_products_cleaned.csv,Alo Yoga,,,,,,,,,,,,,,,,,,,Accessories
398.0,https://cdn.shopify.com/s/files/1/2185/2813/files/A0790UP_06215_b1_s1_a1_1_m143_320x.jpg?v=1733422093,https://www.aloyoga.com/products/a0790up-courchevel-cashmere-scarf-birch-heather,Courchevel Cashmere Scarf,Birch Heather,"Birch Heather, Birch Heather, Black, Flax Heather",alo_yoga_products_cleaned.csv,Alo Yoga,,,,,,,,,,,,,,,,,,,Accessories
148.0,https://cdn.shopify.com/s/files/1/2185/2813/products/W7192R_02597_b1_a1_320x.jpg?v=1679077173,https://www.aloyoga.com/products/w7192r-warrior-mat-eclipse,Warrior Mat,Eclipse,"Eclipse, Eclipse, Smoky Quartz, Black, Jungle",alo_yoga_products_cleaned.csv,Alo Yoga,,,,,,,,,,,,,,,,,,,Accessories
34.0,https://cdn.shopify.com/s/files/1/2185/2813/files/a0054u_06279_b1_s1_a1_320x.jpg?v=1751441994,https://www.aloyoga.com/products/a0054u-airlift-headband-neon-bubblegum,Airlift Headband,Neon Bubblegum,"Neon Bubblegum, Neon Bubblegum, Green Olive, Lunar Grey, Candy Red, Navy, Seashell Blue, Gravel, Black",alo_yoga_products_cleaned.csv,Alo Yoga,,,,,,,,,,,,,,,,,,,Accessories
32.0,https://cdn.shopify.com/s/files/1/2185/2813/files/A0225U_06463_b1_s1_a2_320x.jpg?v=1753850565,https://www.aloyoga.com/products/a0225u-love-knots-tie-scrunchie-pink-wild-rose,Love Knots Tie Scrunchie,Pink Wild Rose,"Pink Wild Rose, Pink Wild Rose, Candy Red, Macadamia, Smoky Quartz, Pink Quartz, White, Black",alo_yoga_products_cleaned.csv,Alo Yoga,,,,,,,,,,,,,,,,,,,Accessories
32.0,https://cdn.shopify.com/s/files/1/2185/2813/products/A0225U_00_b1_a1_320x.jpg?v=1657736930,https://www.aloyoga.com/products/a0225u-love-knots-tie-scrunchie-white,Love Knots Tie Scrunchie,White,"White, White, Pink Wild Rose, Candy Red, Macadamia, Smoky Quartz, Pink Quartz, Black",alo_yoga_products_cleaned.csv,Alo Yoga,,,,,,,,,,,,,,,,,,,Accessories
148.0,https://cdn.shopify.com/s/files/1/2185/2813/products/W7192R_01664_320x.jpg?v=1679076888,https://www.aloyoga.com/products/w7092r-warrior-mat-jungle,Warrior Mat,Jungle,"Jungle, Jungle, Smoky Quartz, Eclipse, Black",alo_yoga_products_cleaned.csv,Alo Yoga,,,,,,,,,,,,,,,,,,,Accessories
68.0,https://cdn.shopify.com/s/files/1/2185/2813/files/A0242U_05438_b1_a1_f6303772-85f3-405c-bf17-b5f26469c77b_320x.jpg?v=1737141936,https://www.aloyoga.com/products/a0242u-everyday-beanie-gravel-1,Everyday Beanie,Gravel,"Gravel, Gravel, Charcoal Green, Black",alo_yoga_products_cleaned.csv,Alo Yoga,,,,,,,,,,,,,,,,,,,Accessories
68.0,https://cdn.shopify.com/s/files/1/2185/2813/files/A0499U_02910_b1_s1_a12_320x.jpg?v=1729297794,https://www.aloyoga.com/products/a0499u-notable-beanie-athletic-heather-grey,Notable Beanie,Athletic Heather Grey,"Athletic Heather Grey, Athletic Heather Grey, Green Olive, Sweet Pink, Black/Black, Espresso, Ivory",alo_yoga_products_cleaned.csv,Alo Yoga,,,,,,,,,,,,,,,,,,,Accessories
48.0,https://cdn.shopify.com/s/files/1/2185/2813/files/A0433U_0000_b1_s1_a4_320x.jpg?v=1745389537,https://www.aloyoga.com/products/a0652u-performance-eclipse-visor-white-white,Performance Eclipse Visor,White/White,"White/White, White/White, Black/Black",alo_yoga_products_cleaned.csv,Alo Yoga,,,,,,,,,,,,,,,,,,,Accessories
68.0,https://cdn.shopify.com/s/files/1/2185/2813/files/A0499U_03299_b1_a4_320x.jpg?v=1756758099,https://www.aloyoga.com/products/a0499u-notable-beanie-ivory,Notable Beanie,Ivory,"Ivory, Ivory, Green Olive, Sweet Pink, Black/Black, Athletic Heather Grey, Espresso",alo_yoga_products_cleaned.csv,Alo Yoga,,,,,,,,,,,,,,,,,,,Accessories
32.0,https://cdn.shopify.com/s/files/1/2185/2813/files/A0518U_05541_b1_s1_a1_320x.jpg?v=1734054781,https://www.aloyoga.com/products/a0518u-performance-conquer-headband-steel-grey,Performance Conquer Headband,Steel Grey,"Steel Grey, Steel Grey, White, Black",alo_yoga_products_cleaned.csv,Alo Yoga,,,,,,,,,,,,,,,,,,,Accessories
78.0,https://cdn.shopify.com/s/files/1/2185/2813/products/A0029U_01_b1_a1_320x.jpg?v=1679076522,https://www.aloyoga.com/products/a0029u-grounded-no-slip-towel-black,Grounded No-Slip Towel,Black,"Black, Black, Espresso, Smoky Quartz, Jungle, Eclipse",alo_yoga_products_cleaned.csv,Alo Yoga,,,,,,,,,,,,,,,,,,,Accessories
48.0,https://cdn.shopify.com/s/files/1/2185/2813/files/A0652U_01_b1_s1_a2_d79b7b85-6443-4676-a93c-c7b25350a0d8_320x.jpg?v=1741736700,https://www.aloyoga.com/products/a0652u-performance-eclipse-visor-black-black,Performance Eclipse Visor,Black/Black,"Black/Black, Black/Black, White/White",alo_yoga_products_cleaned.csv,Alo Yoga,,,,,,,,,,,,,,,,,,,Accessories
32.0,https://cdn.shopify.com/s/files/1/2185/2813/files/A0787U_01_b1_s1_a6_320x.jpg?v=1753985078,https://www.aloyoga.com/products/a0787u-alo-softsculpt-wide-headband-black,ALO Softsculpt Wide Headband,Black,"Black, Black, Pink Wild Rose",alo_yoga_products_cleaned.csv,Alo Yoga,,,,,,,,,,,,,,,,,,,Accessories
78.0,https://cdn.shopify.com/s/files/1/2185/2813/files/A0545U_00_b1_s1_a2_1_320x.jpg?v=1717107873,https://www.aloyoga.com/products/a0545u-performance-district-trucker-hat-white,Performance District Trucker Hat,White,"White, White, Steel Grey, Black",alo_yoga_products_cleaned.csv,Alo Yoga,,,,,,,,,,,,,,,,,,,Accessories
58.0,https://cdn.shopify.com/s/files/1/2185/2813/files/A0778U_05200_b1_s1_a1_d0dcb163-e0a0-4152-87c4-5f4dd6dbc6d6_320x.jpg?v=1747430957,https://www.aloyoga.com/products/a0778u-effortless-claw-clip-2-pack-brown-tortoise,Effortless Claw Clip (2-Pack),Brown Tortoise,"Brown Tortoise, Brown Tortoise, Black, White Pearl",alo_yoga_products_cleaned.csv,Alo Yoga,,,,,,,,,,,,,,,,,,,Accessories
88.0,https://cdn.shopify.com/s/files/1/2185/2813/files/A0712U_01_b1_s1_a1_320x.jpg?v=1730172964,https://www.aloyoga.com/products/a0712u-prestige-off-duty-cap-black,Prestige Off-Duty Cap,Black,"Black, Black, Cream Heather",alo_yoga_products_cleaned.csv,Alo Yoga,,,,,,,,,,,,,,,,,,,Accessories
38.0,https://cdn.shopify.com/s/files/1/2185/2813/files/A0742U_01_b1_s1_a2_320x.jpg?v=1731555512,https://www.aloyoga.com/products/a0742u-micro-plisse-oversize-scrunchie-black,Micro Plisse Oversize Scrunchie,Black,"Black, Black, Pink Quartz, White, Spruce Green, Oat Milk",alo_yoga_products_cleaned.csv,Alo Yoga,,,,,,,,,,,,,,,,,,,Accessories
34.0,https://cdn.shopify.com/s/files/1/2185/2813/files/A0286W_06281_b1_s1_a3_320x.jpg?v=1745374720,https://www.aloyoga.com/products/a0286w-90s-claw-clip-candy-red,90's Claw Clip,Candy Red,"Candy Red, Candy Red, Green Olive Marble, Ivy Garden, Seashell Blue, White Pearl, Brown Tortoise, Black, Pink Wild Rose Pearl",alo_yoga_products_cleaned.csv,Alo Yoga,,,,,,,,,,,,,,,,,,,Accessories
88.0,https://cdn.shopify.com/s/files/1/2185/2813/files/A0712U_06248_b1_a1_320x.jpg?v=1730259761,https://www.aloyoga.com/products/a0712u-prestige-off-duty-cap-cream-heather,Prestige Off-Duty Cap,Cream Heather,"Cream Heather, Cream Heather, Black",alo_yoga_products_cleaned.csv,Alo Yoga,,,,,,,,,,,,,,,,,,,Accessories
68.0,https://cdn.shopify.com/s/files/1/2185/2813/files/A0553U_06281_b1_s1_a3_320x.jpg?v=1745376930,https://www.aloyoga.com/products/a0684u-airlift-solar-visor-candy-red,Airlift Solar Visor,Candy Red,"Candy Red, Candy Red, Pink Wild Rose, Neon Bubblegum, White, Black",alo_yoga_products_cleaned.csv,Alo Yoga,,,,,,,,,,,,,,,,,,,Accessories
32.0,https://cdn.shopify.com/s/files/1/2185/2813/products/A0059U_01_b1_a1_320x.jpg?v=1657731746,https://www.aloyoga.com/products/a0059u-glow-wristband-2-pack-black,Glow Wristband (2-Pack),Black,"Black, Black, Seashell Blue/White, White/Spruce Green, White",alo_yoga_products_cleaned.csv,Alo Yoga,,,,,,,,,,,,,,,,,,,Accessories
32.0,https://cdn.shopify.com/s/files/1/2185/2813/files/A0225U_06281_b1_s1_a1_320x.jpg?v=1745387403,https://www.aloyoga.com/products/a0225u-love-knots-tie-scrunchie-candy-red,Love Knots Tie Scrunchie,Candy Red,"Candy Red, Candy Red, Pink Wild Rose, Macadamia, Smoky Quartz, Pink Quartz, White, Black",alo_yoga_products_cleaned.csv,Alo Yoga,,,,,,,,,,,,,,,,,,,Accessories
34.0,https://cdn.shopify.com/s/files/1/2185/2813/files/A0286W_05442_b1_s1_a1_320x.jpg?v=1718231843,https://www.aloyoga.com/products/a0286w-90s-claw-clip-seashell-blue,90's Claw Clip,Seashell Blue,"Seashell Blue, Seashell Blue, Green Olive Marble, Candy Red, Ivy Garden, White Pearl, Brown Tortoise, Black, Pink Wild Rose Pearl",alo_yoga_products_cleaned.csv,Alo Yoga,,,,,,,,,,,,,,,,,,,Accessories
30.0,https://cdn.shopify.com/s/files/1/2185/2813/files/A0290U_06378_b1_s1_a3_320x.jpg?v=1749763998,https://www.aloyoga.com/products/a0290u-fresh-mini-scrunchie-3-pack-seashell-blue-navy-white,Fresh Mini Scrunchie 3-Pack,Seashell Blue/Navy/White,"Seashell Blue/Navy/White, Seashell Blue/Navy/White, Green Olive/Lunar Grey/White, Burgundy/Pink Wild Rose/Ivory, White/Seashell Blue/Spearmint, Candy Red/Black/White, Mushroom/Pink Quartz/Smoky Quartz, Bold Red/Sweet Pink/White, Black/White",alo_yoga_products_cleaned.csv,Alo Yoga,,,,,,,,,,,,,,,,,,,Accessories
98.0,https://cdn.shopify.com/s/files/1/2185/2813/products/A0375U_01_b1_a1_m54_320x.jpg?v=1699297641,https://www.aloyoga.com/products/a0375u-faux-fur-bucket-hat-black,Faux Fur Bucket Hat,Black,"Black, Black, Ivory",alo_yoga_products_cleaned.csv,Alo Yoga,,,,,,,,,,,,,,,,,,,Accessories
34.0,https://cdn.shopify.com/s/files/1/2185/2813/files/A0054U_06461_b1_s1_a4_320x.jpg?v=1755043242,https://www.aloyoga.com/products/a0054u-airlift-headband-lunar-grey,Airlift Headband,Lunar Grey,"Lunar Grey, Lunar Grey, Green Olive, Neon Bubblegum, Candy Red, Navy, Seashell Blue, Gravel, Black",alo_yoga_products_cleaned.csv,Alo Yoga,,,,,,,,,,,,,,,,,,,Accessories
16.0,https://www.altardstate.com/dw/image/v2/BDDX_PRD/on/demandware.static/-/Sites-as_catalog/default/dw7e4b7a92/image/004233_ASFW-521_MAUVE_00.JPG?sw=300&sh=450&q=98,https://www.altardstate.com/as/accessories/socks-tights/gigi-floral-cozy-socks/004233_ASFW-521-0070.html,Gigi Floral Cozy Socks,,,altardstate_products_cleaned.csv,ALTAR'D STATE,004233_ASFW-521-0070,004233_ASFW-521-0070,Clothing,free_size,New,new,,,,,,,,,,,,,Accessories
16.0,https://www.altardstate.com/dw/image/v2/BDDX_PRD/on/demandware.static/-/Sites-as_catalog/default/dwd9740275/image/004233_ASFW-514_BLUE-MULTI_00.JPG?sw=300&sh=450&q=98,https://www.altardstate.com/as/accessories/socks-tights/feather-fairisle-cozy-socks/004233_ASFW-514-0350.html,Feather Fairisle Cozy Socks,,,altardstate_products_cleaned.csv,ALTAR'D STATE,004233_ASFW-514-0350,004233_ASFW-514-0350,Clothing,free_size,New,new,,,,,,,,,,,,,Accessories
32.0,https://www.altardstate.com/dw/image/v2/BDDX_PRD/on/demandware.static/-/Sites-as_catalog/default/dwe7b0215c/image/001796_LCAP4671_BLACK_00.JPG?sw=300&sh=450&q=98,https://www.altardstate.com/as/accessories/hats/baseball-trucker-hats/silly-goose-trucker-hat/001796_LCAP4671-0016.html,Silly Goose Trucker Hat,,,altardstate_products_cleaned.csv,AS REVIVAL,001796_LCAP4671-0016,001796_LCAP4671-0016,Clothing,free_size,,,,,,,,,,,,,,,Accessories
34.0,https://cdn.shopify.com/s/files/1/0156/6146/files/EverydayMiniHoldallBlackI2A5Q-BBBB.A_3840x.jpg?v=1729175197,https://www.gymshark.com/products/gymshark-everyday-mini-holdall-black-ss23,Everyday Mini Gym Bag,,,gymshark_products_cleaned.csv,Gymshark,gymshark-everyday-mini-holdall-black-ss23,,,,,,,,In Stock,,,,Black,,,,,,Accessories
46.0,https://cdn.shopify.com/s/files/1/0156/6146/files/EverydayHoldallBlack-SMALL-I3A1V-BBBB35_39aa2de9-6188-4c84-bf57-43b2b39f1952_3840x.jpg?v=1741123762,https://www.gymshark.com/products/gymshark-small-everyday-holdall-black-ss23,Small Everyday Gym Bag,,,gymshark_products_cleaned.csv,Gymshark,gymshark-small-everyday-holdall-black-ss23,,,,,,,,In Stock,,,,Black,,,,,,Accessories
54.0,https://cdn.shopify.com/s/files/1/0156/6146/files/EverydayHoldallMBlackI3A2H-BBBB53_25cd5995-b20f-43aa-a312-f1c020a17319_3840x.jpg?v=1741123761,https://www.gymshark.com/products/gymshark-medium-everyday-holdall-black-ss23,Medium Everyday Gym Bag,,,gymshark_products_cleaned.csv,Gymshark,gymshark-medium-everyday-holdall-black-ss23,,,,,,,,In Stock,,,,Black,,,,,,Accessories
36.0,https://cdn.shopify.com/s/files/1/0156/6146/products/EverydayToteBlack-I3A2G-BBBB40_3840x.jpg?v=1673514718,https://www.gymshark.com/products/gymshark-everyday-tote-black,Everyday Tote,,,gymshark_products_cleaned.csv,Gymshark,gymshark-everyday-tote-black,,,,,,,,In Stock,,,,Black,,,,,,Accessories
30.0,https://cdn.shopify.com/s/files/1/0156/6146/files/images-HighFrontTruckerGSBlackI1B7D_BB2J_0109_0046_3840x.jpg?v=1746521264,https://www.gymshark.com/products/gymshark-trucker-cap-headwear-black-ss25,Trucker Cap,,,gymshark_products_cleaned.csv,Gymshark,gymshark-trucker-cap-headwear-black-ss25,,,,,new,,,In Stock,,,,Black,,,,,,Accessories
32.0,https://cdn.shopify.com/s/files/1/0156/6146/files/images-PowerCapGSBlackI1C6M_BB2J_0284_3840x.jpg?v=1752596301,https://www.gymshark.com/products/gymshark-power-cap-headwear-black-aw25,Power Cap,,,gymshark_products_cleaned.csv,Gymshark,gymshark-power-cap-headwear-black-aw25,,,,,new,,,In Stock,,,,Black,,,,,,Accessories
32.0,https://cdn.shopify.com/s/files/1/0156/6146/files/images-newPowerCapGSRichMaroonI1C6M_NBZQ_0191_3840x.jpg?v=1754591358,https://www.gymshark.com/products/gymshark-power-cap-headwear-brown-aw25,Power Cap,,,gymshark_products_cleaned.csv,Gymshark,gymshark-power-cap-headwear-brown-aw25,,,,,new,,,In Stock,,,,Rich Maroon,,,,,,Accessories
22.0,https://cdn.shopify.com/s/files/1/0156/6146/files/SharkheadBeanieGSBlack-GSBlackI3A5T-BCBF-0033_7c3b6dc0-cc40-492d-8b5f-c3b1cd9f997f_3840x.jpg?v=1725290159,https://www.gymshark.com/products/gymshark-sharkhead-beanie-black-black-ss24,Sharkhead Beanie,,,gymshark_products_cleaned.csv,Gymshark,gymshark-sharkhead-beanie-black-black-ss24,,,,,new,,,In Stock,,,,Black/Black,,,,,,Accessories
30.0,https://cdn.shopify.com/s/files/1/0156/6146/files/images-ActiveBackpackGSBlackI1C5R_BB2J_0210_3840x.jpg?v=1752755474,https://www.gymshark.com/products/gymshark-active-backpack-bags-black-aw25,Active Backpack,,,gymshark_products_cleaned.csv,Gymshark,gymshark-active-backpack-bags-black-aw25,,,,,new,,,In Stock,,,,Black,,,,,,Accessories
36.0,https://cdn.shopify.com/s/files/1/0156/6146/files/images-MetalInsulatedBottle1LwithStrawGSBlackI1C2C_BB2J_075_5_3840x.jpg?v=1754665615,https://www.gymshark.com/products/gymshark-metal-insulated-straw-bottle-1l-bottles-black-aw25,Metal Insulated Straw Bottle 1L,,,gymshark_products_cleaned.csv,Gymshark,gymshark-metal-insulated-straw-bottle-1l-bottles-black-aw25,,,,,new,,,In Stock,,,,Black,,,,,,Accessories
18.0,https://cdn.shopify.com/s/files/1/0156/6146/files/images-SportsBottlewithStrawLidGSCloudPinkI1B6L_KC2X_0074_3840x.jpg?v=1752751802,https://www.gymshark.com/products/gymshark-sports-bottle-with-straw-bottles-pink-aw25,Sports Bottle With Straw,,,gymshark_products_cleaned.csv,Gymshark,gymshark-sports-bottle-with-straw-bottles-pink-aw25,,,,,with straw,,,In Stock,,,,Cloud Pink,,,,,,Accessories
16.0,https://cdn.shopify.com/s/files/1/0156/6146/files/images-CREWCOLLEGIATESOCK2PKGSBLACKI1C7G_BB2J_0179_3840x.jpg?v=1755096878,https://www.gymshark.com/products/gymshark-collegiate-crew-sock-2pk-socks-black-aw25,Collegiate Crew Sock 2pk,,,gymshark_products_cleaned.csv,Gymshark,gymshark-collegiate-crew-sock-2pk-socks-black-aw25,,,,,new,,,In Stock,,,,Black,,,,,,Accessories
30.0,https://cdn.shopify.com/s/files/1/0156/6146/files/images-CollegiateGFXCapGSBlackI2B1Y_BB2J_0262_3840x.jpg?v=1752755110,https://www.gymshark.com/products/gymshark-collegiate-cap-headwear-black-aw25,Collegiate Cap,,,gymshark_products_cleaned.csv,Gymshark,gymshark-collegiate-cap-headwear-black-aw25,,,,,new,,,In Stock,,,,Black,,,,,,Accessories
26.0,https://cdn.shopify.com/s/files/1/0156/6146/files/images-new1SoftPeakCapGSRichMaroonI1B7H_NBZQ_0188_3840x.jpg?v=1754591621,https://www.gymshark.com/products/gymshark-relaxed-cap-headwear-brown-aw25,Relaxed Cap,,,gymshark_products_cleaned.csv,Gymshark,gymshark-relaxed-cap-headwear-brown-aw25,,,,,new,,,In Stock,,,,Rich Maroon,,,,,,Accessories
38.0,https://cdn.shopify.com/s/files/1/0156/6146/files/images-EverydayToteGSAthleticBurgundyI3A2G_RB6Y_0189_3840x.jpg?v=1754468884,https://www.gymshark.com/products/gymshark-everyday-tote-bags-red-aw25,Everyday Tote,,,gymshark_products_cleaned.csv,Gymshark,gymshark-everyday-tote-bags-red-aw25,,,,,new,,,In Stock,,,,Athletic Burgundy,,,,,,Accessories
30.0,https://cdn.shopify.com/s/files/1/0156/6146/files/images-HighFrontTruckerGSLinenBrownGSCamoBrownGSPebbleGreyI1B7D_NC8G_0304_3840x.jpg?v=1752596690,https://www.gymshark.com/products/gymshark-trucker-cap-headwear-brown-aw25,Trucker Cap,,,gymshark_products_cleaned.csv,Gymshark,gymshark-trucker-cap-headwear-brown-aw25,,,,,new,,,In Stock,,,,Linen Brown/Camo Brown/Pebble Grey,,,,,,Accessories
36.0,https://cdn.shopify.com/s/files/1/0156/6146/files/images-MetalInsulated1LWithStrawStrongwomanGFXGSBlackI1C6D_BB2J_3915_3840x.jpg?v=1755803762,https://www.gymshark.com/products/gymshark-metal-insulated-1l-bottle-with-straw-strongwoman-graphic-bottles-black-aw25,Metal Insulated 1L Bottle with Straw,,,gymshark_products_cleaned.csv,Gymshark,gymshark-metal-insulated-1l-bottle-with-straw-strongwoman-graphic-bottles-black-aw25,,,,,with straw,,,In Stock,,,,Strongwoman Graphic,,,,,,Accessories
16.0,https://cdn.shopify.com/s/files/1/0156/6146/files/images-CREWCOLLEGIATESOCK2PKGSGREENI1C7G_EC7K_0189_3840x.jpg?v=1755157700,https://www.gymshark.com/products/gymshark-collegiate-crew-sock-2pk-socks-green-aw25,Collegiate Crew Sock 2pk,,,gymshark_products_cleaned.csv,Gymshark,gymshark-collegiate-crew-sock-2pk-socks-green-aw25,,,,,new,,,In Stock,,,,Athletic Green,,,,,,Accessories
30.0,https://cdn.shopify.com/s/files/1/0156/6146/files/images-MetalInsulatedBottle500mlGSMushroomGreyI1C8L_GDK6_0251_3840x.jpg?v=1752754975,https://www.gymshark.com/products/gymshark-500ml-bottle-bottles-grey-aw25,500ml Bottle,,,gymshark_products_cleaned.csv,Gymshark,gymshark-500ml-bottle-bottles-grey-aw25,,,,,new,,,In Stock,,,,Mushroom Grey,,,,,,Accessories
16.0,https://cdn.shopify.com/s/files/1/0156/6146/files/images-CREWCOLLEGIATESOCK2PKGSBLUEI1C7G_UDR5_0197_3840x.jpg?v=1755097004,https://www.gymshark.com/products/gymshark-collegiate-crew-sock-2pk-socks-blue-aw25-1,Collegiate Crew Sock 2pk,,,gymshark_products_cleaned.csv,Gymshark,gymshark-collegiate-crew-sock-2pk-socks-blue-aw25-1,,,,,new,,,In Stock,,,,Athletic Blue,,,,,,Accessories
18.0,https://cdn.shopify.com/s/files/1/0156/6146/files/images-SportsBottlewithStrawLidGSBenchBlueI1B6L_UDR4_0060_3840x.jpg?v=1752751851,https://www.gymshark.com/products/gymshark-sports-bottle-with-straw-bottles-blue-aw25,Sports Bottle With Straw,,,gymshark_products_cleaned.csv,Gymshark,gymshark-sports-bottle-with-straw-bottles-blue-aw25,,,,,with straw,,,In Stock,,,,Bench Blue,,,,,,Accessories
82.0,https://cdn.shopify.com/s/files/1/0156/6146/files/images-TacticalMiniBackpackGSIcePinkI1B9J_KCPX_0953_3840x.jpg?v=1746438144,https://www.gymshark.com/products/gymshark-mini-tactical-backpack-bags-pink-ss25,Mini Tactical Backpack,,,gymshark_products_cleaned.csv,Gymshark,gymshark-mini-tactical-backpack-bags-pink-ss25,,,,,new,,,In Stock,,,,Ice Pink,,,,,,Accessories
110.0,https://cdn.shopify.com/s/files/1/0156/6146/files/images-TaperedDoubleProngLiftingBeltBlackI1B7O_BB2J_0866_3840x.jpg?v=1756409255,https://www.gymshark.com/products/gymshark-tapered-double-prong-lifting-belt-black-ss25,Tapered Double Prong Lifting Belt,,,gymshark_products_cleaned.csv,Gymshark,gymshark-tapered-double-prong-lifting-belt-black-ss25,,,,,new,,,In Stock,,,,Black,,,,,,Accessories
38.0,https://cdn.shopify.com/s/files/1/0156/6146/files/images-EverydayToteGSCloudPinkI3A2G_KC2X_0184_3840x.jpg?v=1754468674,https://www.gymshark.com/products/gymshark-everyday-tote-bags-pink-aw25,Everyday Tote,,,gymshark_products_cleaned.csv,Gymshark,gymshark-everyday-tote-bags-pink-aw25,,,,,new,,,In Stock,,,,Cloud Pink,,,,,,Accessories
18.0,https://cdn.shopify.com/s/files/1/0156/6146/files/images-SportsBottlewithStrawLidGSAthleticBurgundyI1B6L_RB6Y_0033_3840x.jpg?v=1752751893,https://www.gymshark.com/products/gymshark-sports-bottle-with-straw-bottles-red-aw25,Sports Bottle With Straw,,,gymshark_products_cleaned.csv,Gymshark,gymshark-sports-bottle-with-straw-bottles-red-aw25,,,,,with straw,,,In Stock,,,,Athletic Burgundy,,,,,,Accessories
16.0,https://cdn.shopify.com/s/files/1/0156/6146/files/images-CREWCOLLEGIATESOCK2PKGSATHELETICREDI1C7G_RB6Z_0169_3840x.jpg?v=1755096524,https://www.gymshark.com/products/gymshark-collegiate-crew-sock-2pk-socks-red-aw25-1,Collegiate Crew Sock 2pk,,,gymshark_products_cleaned.csv,Gymshark,gymshark-collegiate-crew-sock-2pk-socks-red-aw25-1,,,,,new,,,In Stock,,,,Athletic Red,,,,,,Accessories
30.0,https://cdn.shopify.com/s/files/1/0156/6146/files/images-CollegiateGFXCapGSAthleticGreenI2B1Y_EC7K_0277_3840x.jpg?v=1752595996,https://www.gymshark.com/products/gymshark-collegiate-cap-headwear-green-aw25,Collegiate Cap,,,gymshark_products_cleaned.csv,Gymshark,gymshark-collegiate-cap-headwear-green-aw25,,,,,new,,,In Stock,,,,Athletic Green,,,,,,Accessories
30.0,https://cdn.shopify.com/s/files/1/0156/6146/files/images-CollegiateGFXCapGSAthleticRedI2B1Y_RB6Z_0268_3840x.jpg?v=1752595898,https://www.gymshark.com/products/gymshark-collegiate-cap-headwear-red-aw25,Collegiate Cap,,,gymshark_products_cleaned.csv,Gymshark,gymshark-collegiate-cap-headwear-red-aw25,,,,,new,,,In Stock,,,,Athletic Red,,,,,,Accessories
56.0,https://cdn.shopify.com/s/files/1/0156/6146/files/images-CrinkleBackpack2_0GSBlackI1C4I_BB2J_0335_0207_3840x.jpg?v=1752489174,https://www.gymshark.com/products/gymshark-pleat-backpack-2-0-bags-black-ss25,Pleat Backpack 2.0,,,gymshark_products_cleaned.csv,Gymshark,gymshark-pleat-backpack-2-0-bags-black-ss25,,,,,new,,,In Stock,,,,Black,,,,,,Accessories
36.0,https://cdn.shopify.com/s/files/1/0156/6146/files/images-newMetalInsulatedBottle1LwithStrawGSWornBlueI1C2C_UDR1_0225_3840x.jpg?v=1754591115,https://www.gymshark.com/products/gymshark-metal-insulated-straw-bottle-1l-bottles-blue-aw25,Metal Insulated Straw Bottle 1L,,,gymshark_products_cleaned.csv,Gymshark,gymshark-metal-insulated-straw-bottle-1l-bottles-blue-aw25,,,,,new,,,In Stock,,,,Worn Blue,,,,,,Accessories
30.0,https://cdn.shopify.com/s/files/1/0156/6146/files/images-ActiveBackpackGSDenimGreyI1C5R_GCQS_0221_3840x.jpg?v=1752755388,https://www.gymshark.com/products/gymshark-active-backpack-bags-grey-aw25,Active Backpack,,,gymshark_products_cleaned.csv,Gymshark,gymshark-active-backpack-bags-grey-aw25,,,,,new,,,In Stock,,,,Denim Grey,,,,,,Accessories
30.0,https://cdn.shopify.com/s/files/1/0156/6146/files/images-ActiveBackpackGSDeepPetrolBlueI1C5R_UDRL_0230_3840x.jpg?v=1752755449,https://www.gymshark.com/products/gymshark-active-backpack-bags-blue-aw25,Active Backpack,,,gymshark_products_cleaned.csv,Gymshark,gymshark-active-backpack-bags-blue-aw25,,,,,new,,,In Stock,,,,Deep Petrol Blue,,,,,,Accessories
36.0,https://cdn.shopify.com/s/files/1/0156/6146/files/images-CrinkleSlingBagGSBlackI1B9M_BB2J_0072_0135_3840x.jpg?v=1752488870,https://www.gymshark.com/products/gymshark-pleat-sling-bag-bags-black-ss25,Pleat Sling Bag,,,gymshark_products_cleaned.csv,Gymshark,gymshark-pleat-sling-bag-bags-black-ss25,,,,,new,,,In Stock,,,,Black,,,,,,Accessories
46.0,https://cdn.shopify.com/s/files/1/0156/6146/files/images-CrinkleToteGSIcePinkI4A2P_KCPX_0293_0195_3840x.jpg?v=1753086319,https://www.gymshark.com/products/gymshark-tote-bag-bags-pink-ss25,Tote Bag,,,gymshark_products_cleaned.csv,Gymshark,gymshark-tote-bag-bags-pink-ss25,,,,,new,,,In Stock,,,,Ice Pink,,,,,,Accessories
12.0,https://cdn.shopify.com/s/files/1/0156/6146/files/TabRunningSocksGSWhiteI3A1H-WB571_08e487e5-4b22-48ed-bb6c-b3c0d327c67e_3840x.jpg?v=1729175203,https://www.gymshark.com/products/gymshark-tab-running-socks-white-aw24,Tab Running Socks,,,gymshark_products_cleaned.csv,Gymshark,gymshark-tab-running-socks-white-aw24,,,,,new,,,In Stock,,,,White,,,,,,Accessories
170.0,https://cdn.shopify.com/s/files/1/0156/6146/files/LiftingBelt-BestGSBlack_GSEcruWhiteI3A5M-BCCH-0069_99f64992-3a81-4e33-b2db-9385fd91e0ad_3840x.jpg?v=1735645455,https://www.gymshark.com/products/gymshark-lever-lifting-belt-black-ecru-white-ss24,Lever Lifting Belt,,,gymshark_products_cleaned.csv,Gymshark,gymshark-lever-lifting-belt-black-ecru-white-ss24,,,,,new,,,In Stock,,,,Black/Ecru White,,,,,,Accessories
30.0,https://cdn.shopify.com/s/files/1/0156/6146/files/images-MetalInsulatedBottle500mlGSResetPinkI1C8L_KC2J_0004_3840x.jpg?v=1752754940,https://www.gymshark.com/products/gymshark-500ml-bottle-bottles-pink-aw25,500ml Bottle,,,gymshark_products_cleaned.csv,Gymshark,gymshark-500ml-bottle-bottles-pink-aw25,,,,,new,,,In Stock,,,,Reset Pink,,,,,,Accessories
56.0,https://cdn.shopify.com/s/files/1/0156/6146/files/images-CrinkleBackpack2_0GSIcePinkI1C4I_KCPX_0310_0201_3840x.jpg?v=1752489234,https://www.gymshark.com/products/gymshark-pleat-backpack-2-0-bags-pink-ss25,Pleat Backpack 2.0,,,gymshark_products_cleaned.csv,Gymshark,gymshark-pleat-backpack-2-0-bags-pink-ss25,,,,,new,,,In Stock,,,,Ice Pink,,,,,,Accessories
30.0,https://cdn.shopify.com/s/files/1/0156/6146/files/images-CollegiateGFXCapGSAthleticBlueI2B1Y_UDR_5_0741_3840x.jpg?v=1754665436,https://www.gymshark.com/products/gymshark-collegiate-cap-headwear-blue-aw25,Collegiate Cap,,,gymshark_products_cleaned.csv,Gymshark,gymshark-collegiate-cap-headwear-blue-aw25,,,,,new,,,In Stock,,,,Athletic Blue,,,,,,Accessories
36.0,https://cdn.shopify.com/s/files/1/0156/6146/files/images-CrinkleSlingBagGSIcePinkI1B9M_KCPX_0095_0143_3840x.jpg?v=1753086147,https://www.gymshark.com/products/gymshark-pleat-sling-bag-bags-pink-ss25,Pleat Sling Bag,,,gymshark_products_cleaned.csv,Gymshark,gymshark-pleat-sling-bag-bags-pink-ss25,,,,,new,,,In Stock,,,,Ice Pink,,,,,,Accessories
22.0,https://cdn.shopify.com/s/files/1/0156/6146/files/OnyxLiftingSocksGSBlack_GSBlackI3A9L-BCBF-0074-0019_3840x.jpg?v=1740682349,https://www.gymshark.com/products/gymshark-onyx-lifting-socks-socks-black-aw24,Onyx Lifting Socks,,,gymshark_products_cleaned.csv,Gymshark,gymshark-onyx-lifting-socks-socks-black-aw24,,,,,new,,,In Stock,,,,Black/Black,,,,,,Accessories
18.0,https://cdn.shopify.com/s/files/1/0156/6146/files/images-CrewRunningSockGFXGSBlackI1C7H_BB2J_0160_3840x.jpg?v=1755804007,https://www.gymshark.com/products/gymshark-graphic-single-pack-crew-running-sock-socks-black-aw25,Graphic Single Pack Crew Running Sock,,,gymshark_products_cleaned.csv,Gymshark,gymshark-graphic-single-pack-crew-running-sock-socks-black-aw25,,,,,new,,,In Stock,,,,Black,,,,,,Accessories
36.0,https://cdn.shopify.com/s/files/1/0156/6146/files/images-EverydayToteGSSmokeBlueI3A2G_UDR3_0243_3840x.jpg?v=1754467479,https://www.gymshark.com/products/gymshark-everyday-tote-bags-blue-aw25,Everyday Tote,,,gymshark_products_cleaned.csv,Gymshark,gymshark-everyday-tote-bags-blue-aw25,,,,,Out of stock,,,Out of Stock,,,,Smoke Blue,,,,,,Accessories
30.0,https://cdn.shopify.com/s/files/1/0156/6146/files/images-newSportCapGSResetPinkI3A6W_KC2J_0173_3840x.jpg?v=1754591684,https://www.gymshark.com/products/gymshark-sport-cap-headwear-pink-aw25,Sport Cap,,,gymshark_products_cleaned.csv,Gymshark,gymshark-sport-cap-headwear-pink-aw25,,,,,Out of stock,,,Out of Stock,,,,Reset Pink,,,,,,Accessories
30.0,https://cdn.shopify.com/s/files/1/0156/6146/files/images-newSportCapGSStoneBeigeI3A6W_WD1Q_0185_3840x.jpg?v=1754591720,https://www.gymshark.com/products/gymshark-sport-cap-headwear-white-aw25,Sport Cap,,,gymshark_products_cleaned.csv,Gymshark,gymshark-sport-cap-headwear-white-aw25,,,,,Out of stock,,,Out of Stock,,,,Stone Beige,,,,,,Accessories
18.0,https://cdn.shopify.com/s/files/1/0156/6146/files/FleeceHeadbandGSBlackI4A1F-BB2J3879_3840x.jpg?v=1728378697,https://www.gymshark.com/products/gymshark-fleece-headband-black-aw24,Fleece Headband,,,gymshark_products_cleaned.csv,Gymshark,gymshark-fleece-headband-black-aw24,,,,,Out of stock,,,Out of Stock,,,,Black,,,,,,Accessories
16.0,https://cdn.shopify.com/s/files/1/0156/6146/files/images-newMidiCrewSock3pkGSLiftGreenGSWornBlueGSSorbetYellowI3A6Z_WD5R_0100_3840x.jpg?v=1754591217,https://www.gymshark.com/products/gymshark-midi-socks-3pk-socks-white-aw25,Midi 3pk Socks,,,gymshark_products_cleaned.csv,Gymshark,gymshark-midi-socks-3pk-socks-white-aw25,,,,,Out of stock,,,Out of Stock,,,,Lift Green/Worn Blue/Sorbet Yellow,,,,,,Accessories
16.0,https://cdn.shopify.com/s/files/1/0156/6146/files/images-newFrillMidi3pkGSBenchBlueGSWornBlueGSCompoundBlueI1C5K_UDWX_0140_3840x.jpg?v=1754590523,https://www.gymshark.com/products/gymshark-midi-frill-socks-3pk-socks-blue-aw25,Midi Frill Socks 3pk,,,gymshark_products_cleaned.csv,Gymshark,gymshark-midi-frill-socks-3pk-socks-blue-aw25,,,,,Out of stock,,,Out of Stock,,,,Bench Blue/Worn Blue/Compound Blue,,,,,,Accessories
209.95,"https://www.na-kd.com/cdn-cgi/image/width=300,quality=80,sharpen=0.3/globalassets/big_suede_tote_bag_1100-012080-0146_curated.jpg?ref=B09297C23D",https://www.na-kd.com/en/products/big-suede-tote-bag-tan-1100-012080-0146,Big Suede Tote Bag,,,nakd_products_cleaned.csv,NA-KD,1-1100-012080-0146,,,,,,,,,,,,,Tan,"Brown, Beige",,,,Accessories
59.95,"https://www.na-kd.com/cdn-cgi/image/width=300,quality=80,sharpen=0.3/globalassets/soft_woven_tote-1100-007321-0002_0013_creative.jpg?ref=2116A52771",https://www.na-kd.com/en/products/soft-woven-tote-black-1100-007321-0002,Soft Woven Tote,,,nakd_products_cleaned.csv,NA-KD,1-1100-007321-0002,,,,,,,,,,,,,Black,"Black, Brown",,,,Accessories
29.95,"https://www.na-kd.com/cdn-cgi/image/width=300,quality=80,sharpen=0.3/globalassets/slim_leather_belt-1100-011231-0212_2509.jpg?ref=0B5AF4365B",https://www.na-kd.com/en/products/slim-leather-belt-burgundy-1100-011231-0212,Slim Leather Belt,,,nakd_products_cleaned.csv,NA-KD,1-1100-011231-0212,,,,,,,,,,,,,Burgundy,"Burgundy, Black",,,,Accessories
99.95,"https://www.na-kd.com/cdn-cgi/image/width=300,quality=80,sharpen=0.3/globalassets/nakd_1100-011428-0002_1_campaign.jpg?ref=E02A24E8E2",https://www.na-kd.com/en/products/woven-leather-bucket-bag-black-1100-011428-0002,Woven Leather Bucket Bag,,,nakd_products_cleaned.csv,NA-KD,1-1100-011428-0002,,,,,,,,,,,,,Black,Black,,,,Accessories
129.95,"https://www.na-kd.com/cdn-cgi/image/width=300,quality=80,sharpen=0.3/globalassets/woven_leather_tote_bag-1100-011425-0002_0001_flatlay.jpg?ref=56397922CA",https://www.na-kd.com/en/products/woven-leather-tote-bag-black-1100-011425-0002,Woven Leather Tote Bag,,,nakd_products_cleaned.csv,NA-KD,1-1100-011425-0002,,,,,,,,,,,,,Black,Black,,,,Accessories
149.95,"https://www.na-kd.com/cdn-cgi/image/width=300,quality=80,sharpen=0.3/globalassets/sara_yaben_1100-011879-9326_social.jpeg?ref=5FBAEFA471",https://www.na-kd.com/en/products/big-triangular-suede-tote-dk-brown-1100-011879-9326,Big Triangular Suede Tote,,,nakd_products_cleaned.csv,NA-KD,1-1100-011879-9326,,,,,,,,,,,,,DK Brown,"Brown, Black",,,,Accessories
59.95,"https://www.na-kd.com/cdn-cgi/image/width=300,quality=80,sharpen=0.3/globalassets/lisaalexandra_1812-000987-0342_social_1.jpg?ref=84061B8FE4",https://www.na-kd.com/en/products/contrast-detail-canvas-bag-beige-1812-000987-0342,Contrast Detail Canvas Bag,,,nakd_products_cleaned.csv,NA-KD,1-1812-000987-0342,,,,,,,,,,,,,Cream,Light Beige,,,,Accessories
35.95,"https://www.na-kd.com/cdn-cgi/image/width=300,quality=80,sharpen=0.3/globalassets/wefelicia_1100-011230-0017_1_social.jpg?ref=B79A47E621",https://www.na-kd.com/en/products/suede-belt-brown-1100-011230-0017,Suede Belt,,,nakd_products_cleaned.csv,NA-KD,1-1100-011230-0017,,,,,,,,,,,,,Brown,"Brown, Khaki Green",,,,Accessories
35.95,"https://www.na-kd.com/cdn-cgi/image/width=300,quality=80,sharpen=0.3/globalassets/soft_braided_tassel_scarf-1015-003826-9482_0064.jpg?ref=EF54E98F66",https://www.na-kd.com/en/products/soft-braided-tassle-scarf-deep-burgundy-1015-003826-9482,Soft Braided Tassle Scarf,,,nakd_products_cleaned.csv,NA-KD,1-1015-003826-9482,,,,,,,,,,,,,Deep Burgundy,"Burgundy, Light Beige, Brown, Black, White",,,,Accessories
35.95,"https://www.na-kd.com/cdn-cgi/image/width=300,quality=80,sharpen=0.3/globalassets/wide_wrap_belt-1100-012651-0002_0005.jpg?ref=EC92A60B13",https://www.na-kd.com/en/products/wide-wrap-belt-black-1100-012651-0002,Wide Wrap Belt,,,nakd_products_cleaned.csv,NA-KD,1-1100-012651-0002,,,,,,,,,,,,,Black,Black,,,,Accessories
59.95,"https://www.na-kd.com/cdn-cgi/image/width=300,quality=80,sharpen=0.3/globalassets/soft_woven_tote_brown_1100-007321-0017.jpg?ref=F5463E4DE3",https://www.na-kd.com/en/products/soft-woven-tote-brown-1100-007321-0017,Soft Woven Tote,,,nakd_products_cleaned.csv,NA-KD,1-1100-007321-0017,,,,,,,,,,,,,Brown,"Brown, Black",,,,Accessories
59.95,"https://www.na-kd.com/cdn-cgi/image/width=300,quality=80,sharpen=0.3/globalassets/mini_suede_crossbody_tote-1100-011470-0146_0040_creative.jpg?ref=2F76D9481E",https://www.na-kd.com/en/products/mini-suede-crossbody-tote-tan-1100-011470-0146,Mini Suede Crossbody Tote,,,nakd_products_cleaned.csv,NA-KD,1-1100-011470-0146,,,,,,,,,,,,,Tan,Brown,,,,Accessories
59.95,"https://www.na-kd.com/cdn-cgi/image/width=300,quality=80,sharpen=0.3/globalassets/fold_detail_tote_bag-1100-011990-0002_0018_studio.jpg?ref=3CE57559EC",https://www.na-kd.com/en/products/fold-detail-tote-bag-black-1100-011990-0002,Fold Detail Tote Bag,,,nakd_products_cleaned.csv,NA-KD,1-1100-011990-0002,,,,,,,,,,,,,Black,Black,,,,Accessories
39.95,"https://www.na-kd.com/cdn-cgi/image/width=300,quality=80,sharpen=0.3/globalassets/checkered_scarf-1100-007788-0061_3068.jpg?ref=2A06D39F1C",https://www.na-kd.com/en/products/checkered-scarf-multicolor-1100-007788-0061,Checkered Scarf,,,nakd_products_cleaned.csv,NA-KD,1-1100-007788-0061,,,,,,,,,,,,,Multicolor,"Checkered / Multicolor, Checkered / Blue, Checkered / Red, Checkered / Beige",,,,Accessories
35.95,"https://www.na-kd.com/cdn-cgi/image/width=300,quality=80,sharpen=0.3/globalassets/leather_squared_buckle_belt-1100-012014-0002_0049.jpg?ref=79E5609161",https://www.na-kd.com/en/products/leather-squared-buckle-belt-black-1100-012014-0002,Leather Squared Buckle Belt,,,nakd_products_cleaned.csv,NA-KD,1-1100-012014-0002,,,,,,,,,,,,,Black,"Black, Burgundy, Brown",,,,Accessories
35.95,"https://www.na-kd.com/cdn-cgi/image/width=300,quality=80,sharpen=0.3/globalassets/braided_tassle_scarf_1015-003826-01407491-copy.jpg?ref=33360BBEB5",https://www.na-kd.com/en/products/soft-braided-tassle-scarf-light-beige-1015-003826-0140,Soft Braided Tassle Scarf,,,nakd_products_cleaned.csv,NA-KD,1-1015-003826-0140,,,,,,,,,,,,,Light Beige,"Light Beige, Burgundy, Brown, Black, White",,,,Accessories
35.95,"https://www.na-kd.com/cdn-cgi/image/width=300,quality=80,sharpen=0.3/globalassets/soft_braided_tassel_scarf-1015-003826-0765_0061.jpg?ref=A18DB075E7",https://www.na-kd.com/en/products/soft-braided-tassle-scarf-dark-brown-1015-003826-0765,Soft Braided Tassle Scarf,,,nakd_products_cleaned.csv,NA-KD,1-1015-003826-0765,,,,,,,,,,,,,Dark Brown,"Brown, Burgundy, Light Beige, Black, White",,,,Accessories
49.95,"https://www.na-kd.com/cdn-cgi/image/width=300,quality=80,sharpen=0.3/globalassets/wool_knitted_triangle_scarf-1100-011960-0447_0081.jpg?ref=7F3A04D0F8",https://www.na-kd.com/en/products/wool-knitted-triangle-scarf-dark-sand-1100-011960-0447,Wool knitted Triangle Scarf,,,nakd_products_cleaned.csv,NA-KD,1-1100-011960-0447,,,,,,,,,,,,,Dark Sand,"Dark Beige, Black, Grey, Light Blue",,,,Accessories
9.95,"https://www.na-kd.com/cdn-cgi/image/width=300,quality=80,sharpen=0.3/globalassets/angelickpicture_2-pack_jersey_headband_1100-011200-0041_1_social.jpg?ref=3B9E90168A",https://www.na-kd.com/en/products/2-pack-jersey-headband-blackwhite-1100-011200-0041,2-Pack Jersey Headband,,,nakd_products_cleaned.csv,NA-KD,1-1100-011200-0041,,,,,,,,,,,,,Black/White,"Multicolor, Multicolor",,,,Accessories
35.95,"https://www.na-kd.com/cdn-cgi/image/width=300,quality=80,sharpen=0.3/globalassets/oval_buckle_suede_belt_1100-012358-0002_0037.jpg?ref=812940922E",https://www.na-kd.com/en/products/oval-buckle-suede-belt-black-1100-012358-0002,Oval Buckle Suede Belt,,,nakd_products_cleaned.csv,NA-KD,1-1100-012358-0002,,,,,,,,,,,,,Black,"Black, Brown",,,,Accessories
14.0,https://cdn.shopify.com/s/files/1/0022/4008/6074/products/V852-WHT.jpg?v=1688710002&width=800&height=1000&crop=center,https://vuoriclothing.com/products/v1-tab-sock-white-1?queryId=b2f4b234af39a70ae17b4625f289bdfd&collection=womens,V1 Tab Sock,,,vuori_products_cleaned.csv,Vuori,v1-tab-sock-white-1,,,,,,,,,,,,White,,"White, Charcoal Heather, Heather Grey, Black",,,,Accessories
12.0,https://cdn.shopify.com/s/files/1/0022/4008/6074/products/V892WHT-AXS-SP23-ECOMM-FLAT-LAY-1X1.jpg?v=1688710164&width=800&height=1000&crop=center,https://vuoriclothing.com/products/vuori-no-show-sock-white-1?queryId=b2f4b234af39a70ae17b4625f289bdfd&collection=womens,Vuori No Show Sock,,,vuori_products_cleaned.csv,Vuori,vuori-no-show-sock-white-1,,,,,,,,,,,,White,,"White, Black, Toast Heather, Heather Grey",,,,Accessories
16.0,https://cdn.shopify.com/s/files/1/0022/4008/6074/files/V8077WHT_SP25_UNISEX_ECOMM_SOCKS_FLAT_LAY_4_d60584cd-c076-4589-8ab8-5f56023a7abe.jpg?v=1741300800&width=800&height=1000&crop=center,https://vuoriclothing.com/products/quarter-crew-v1-sock-white?queryId=b2f4b234af39a70ae17b4625f289bdfd&collection=womens,Quarter Crew V1 Sock,,,vuori_products_cleaned.csv,Vuori,quarter-crew-v1-sock-white,,,,,,,,,,,,White,,"White, Black, Sedona Brown, Sunlight, White Heather Grey",,,,Accessories
16.0,https://cdn.shopify.com/s/files/1/0022/4008/6074/files/V8052WHT_SP24_UNISEX_ECOMM_ACCESSORIES_FLAT_LAY_1.jpg?v=1704321960&width=800&height=1000&crop=center,https://vuoriclothing.com/products/half-crew-sock-white-1?queryId=b2f4b234af39a70ae17b4625f289bdfd&collection=womens,Half Crew Sock,,,vuori_products_cleaned.csv,Vuori,half-crew-sock-white-1,,,,,,,,,,,,White,,"White, Salt Heather, Light Heather Grey, Black, Crystal Blue, Viridian, Vintage Rose",,,,Accessories
18.0,https://cdn.shopify.com/s/files/1/0022/4008/6074/products/V874WHT_AXS_SP22_ECOMM_FLAT_LAY_1X1_9c46d157-87a9-41c9-9506-f7ecd9103782.jpg?v=1688710011&width=800&height=1000&crop=center,https://vuoriclothing.com/products/vuori-crew-sock-white-1?queryId=b2f4b234af39a70ae17b4625f289bdfd&collection=womens,Vuori Crew Sock,,,vuori_products_cleaned.csv,Vuori,vuori-crew-sock-white-1,,,,,,,,,,,,White,,"White, Black, Charcoal, Salt Heather, Bluebell",,,,Accessories
18.0,https://cdn.shopify.com/s/files/1/0022/4008/6074/products/V857WHTAXSSP23ECOMMFLATLAY1X1.jpg?v=1688710160&width=800&height=1000&crop=center,https://vuoriclothing.com/products/v1-crew-sock-white-1?queryId=b2f4b234af39a70ae17b4625f289bdfd&collection=womens,V1 Crew Sock,,,vuori_products_cleaned.csv,Vuori,v1-crew-sock-white-1,,,,,,,,,,,,White,,"White, Charcoal Heather, Heather Grey, Black, Platinum, Smokey Taupe Heather",,,,Accessories
32.0,https://cdn.shopify.com/s/files/1/0022/4008/6074/files/V831WHT_FA23_UNISEX_ECOMM_headwear_FLAT_LAY_1.jpg?v=1687990235&width=800&height=1000&crop=center,https://vuoriclothing.com/products/magnitude-hat-white?queryId=b2f4b234af39a70ae17b4625f289bdfd&collection=womens,Magnitude Hat,,,vuori_products_cleaned.csv,Vuori,magnitude-hat-white,,,,,,,,,,,,White,,"White, Heather Grey, Black, Warm Gold Heather",,,,Accessories
128.0,https://cdn.shopify.com/s/files/1/0022/4008/6074/files/V8087BLK_FA25_UNISEX_ECOMM_BAGS_FLAT_LAY_1.jpg?v=1752678426&width=800&height=1000&crop=center,https://vuoriclothing.com/products/wanderer-backpack-black?queryId=b2f4b234af39a70ae17b4625f289bdfd&collection=womens,Wanderer Backpack,,,vuori_products_cleaned.csv,Vuori,wanderer-backpack-black,,,,,,,,,,,,Black,,"Black, Dark Salt",,,,Accessories
118.0,https://cdn.shopify.com/s/files/1/0022/4008/6074/files/V8065COR_SP25_UNISEX_ECOMM_bags_FLAT_LAY_1.jpg?v=1743629467&width=800&height=1000&crop=center,https://vuoriclothing.com/products/v1-convertible-tote-bag-2-0-cork?queryId=b2f4b234af39a70ae17b4625f289bdfd&collection=womens,V1 Convertible Tote Bag 2.0,,,vuori_products_cleaned.csv,Vuori,v1-convertible-tote-bag-2-0-cork,,,,,,,,,,,,Cork,,"Cork, Black, Frost Grey",,,,Accessories
100.0,https://cdn.shopify.com/s/files/1/0022/4008/6074/products/Yoga_Detail_Black.jpg?v=1754073098&width=800&height=1000&crop=center,https://vuoriclothing.com/products/vuori-yoga-mat-black?queryId=b2f4b234af39a70ae17b4625f289bdfd&collection=womens,Vuori Yoga Mat,,,vuori_products_cleaned.csv,Vuori,vuori-yoga-mat-black,,,,,,,,,,,,Black,,"Black, Wheat",,,,Accessories
32.0,https://cdn.shopify.com/s/files/1/0022/4008/6074/files/V8106VRO_FA25_UNISEX_ECOMM_HEADWEAR_FRONT_2_632debe3-ea5c-438a-ab47-6332c60d768c.jpg?v=1754951845&width=800&height=1000&crop=center,https://vuoriclothing.com/products/vuori-dad-hat-vintage-rose?queryId=b2f4b234af39a70ae17b4625f289bdfd&collection=womens,Vuori Dad Hat,,,vuori_products_cleaned.csv,Vuori,vuori-dad-hat-vintage-rose,,,,,,,,,,,,Vintage Rose,,"Vintage Rose, Crystal Blue, Viridian",,,,Accessories
32.0,https://cdn.shopify.com/s/files/1/0022/4008/6074/files/V8048APN_FA24_UNISEX_ECOMM_headwear_FLAT_LAY_1_87aa657d-e516-49d5-aa65-14281ef51096.jpg?v=1727973922&width=800&height=1000&crop=center,https://vuoriclothing.com/products/v1-patch-hat-aspen?queryId=b2f4b234af39a70ae17b4625f289bdfd&collection=womens,V1 Patch Hat,,,vuori_products_cleaned.csv,Vuori,v1-patch-hat-aspen,,,,,,,,,,,,Aspen,,"Aspen, Black, White, Copenhagen",,,,Accessories
48.0,https://cdn.shopify.com/s/files/1/0022/4008/6074/files/V8125BRG_FA25_UNISEX_HEADWEAR_FLAT_LAY_1.jpg?v=1754952011&width=800&height=1000&crop=center,https://vuoriclothing.com/products/hermosa-two-tone-hat-burgundy?queryId=b2f4b234af39a70ae17b4625f289bdfd&collection=womens,Hermosa Two Tone Hat,,,vuori_products_cleaned.csv,Vuori,hermosa-two-tone-hat-burgundy,,,,,,,,,,,,Burgundy,,Burgundy,,,,Accessories
38.0,https://cdn.shopify.com/s/files/1/0022/4008/6074/files/V8061BLK_SP25_UNISEX_ECOMM_headwear_FLAT_LAY_2.jpg?v=1736362840&width=800&height=1000&crop=center,https://vuoriclothing.com/products/kore-elevate-hat-black?queryId=b2f4b234af39a70ae17b4625f289bdfd&collection=womens,Kore Elevate Hat,,,vuori_products_cleaned.csv,Vuori,kore-elevate-hat-black,,,,,,,,,,,,Black,,"Black, Sea Fog",,,,Accessories
32.0,https://cdn.shopify.com/s/files/1/0022/4008/6074/files/V8139BNS_FA25_UNISEX_ECOMM_HEADWEAR_FLAT_LAY_1.jpg?v=1752682043&width=800&height=1000&crop=center,https://vuoriclothing.com/products/elevate-dad-hat-burnt-sienna?queryId=b2f4b234af39a70ae17b4625f289bdfd&collection=womens,Elevate Dad Hat,,,vuori_products_cleaned.csv,Vuori,elevate-dad-hat-burnt-sienna,,,,,,,,,,,,Burnt Sienna,,"Burnt Sienna, Talc",,,,Accessories
198.0,https://cdn.shopify.com/s/files/1/0022/4008/6074/files/V8067BLK_SP25_UNISEX_ECOMM_bags_FLAT_LAY_1.jpg?v=1743630010&width=800&height=1000&crop=center,https://vuoriclothing.com/products/vuori-gym-bag-2-0-black?queryId=b2f4b234af39a70ae17b4625f289bdfd&collection=womens,Vuori Gym Bag 2.0,,,vuori_products_cleaned.csv,Vuori,vuori-gym-bag-2-0-black,,,,,,,,,,,,Black,,"Black, Chia",,,,Accessories
34.0,https://cdn.shopify.com/s/files/1/0022/4008/6074/files/V854HKD_FA25_UNISEX_ECOMM_HEADWEAR_FLAT_LAY_2.jpg?v=1751068096&width=800&height=1000&crop=center,https://vuoriclothing.com/products/beacons-lifeguard-hat-huckleberry-drawn?queryId=b2f4b234af39a70ae17b4625f289bdfd&collection=womens,Beacons Lifeguard Hat,,,vuori_products_cleaned.csv,Vuori,beacons-lifeguard-hat-huckleberry-drawn,,,,,,,,,,,,Huckleberry Drawn,,Huckleberry Drawn,,,,Accessories
22.0,https://cdn.shopify.com/s/files/1/0022/4008/6074/files/VW857BLK_FA25_UNISEX_ECOMM_HEADWEAR_FLAT_LAY_1.jpg?v=1743438984&width=800&height=1000&crop=center,https://vuoriclothing.com/products/vuori-alltheform-headband-black?queryId=b2f4b234af39a70ae17b4625f289bdfd&collection=womens,Vuori AllTheForm Headband,,,vuori_products_cleaned.csv,Vuori,vuori-alltheform-headband-black,,,,,,,,,,,,Black,,"Black, Vintage Rose",,,,Accessories
88.0,https://cdn.shopify.com/s/files/1/0022/4008/6074/files/VW827BLK_FA24_UNISEX_ECOMM_bags_FLAT_LAY_1_8f1e4333-035b-44a2-9ca8-d9294cf114f4.jpg?v=1730149171&width=800&height=1000&crop=center,https://vuoriclothing.com/products/all-around-tote-black?queryId=b2f4b234af39a70ae17b4625f289bdfd&collection=womens,All Around Tote,,,vuori_products_cleaned.csv,Vuori,all-around-tote-black,,,,,,,,,,,,Black,,Black,,,,Accessories
28.0,https://cdn.shopify.com/s/files/1/0022/4008/6074/products/V864Blk_155b4824-3310-49e5-9b4e-8e13df077881.jpg?v=1688710076&width=800&height=1000&crop=center,https://vuoriclothing.com/products/alpine-waffle-beanie-black?queryId=b2f4b234af39a70ae17b4625f289bdfd&collection=womens,Alpine Waffle Beanie,,,vuori_products_cleaned.csv,Vuori,alpine-waffle-beanie-black,,,,,,,,,,,,Black,,"Black, Salt, Aspen, Azure, Tobacco, Espresso, Evergreen",,,,Accessories
68.0,https://cdn.shopify.com/s/files/1/0022/4008/6074/files/V8075BLK_FA25_UNISEX_BAGS_FLAT_LAY_1.jpg?v=1753917891&width=800&height=1000&crop=center,https://vuoriclothing.com/products/packable-backpack-black?queryId=b2f4b234af39a70ae17b4625f289bdfd&collection=womens,Packable Backpack,,,vuori_products_cleaned.csv,Vuori,packable-backpack-black,,,,,,,,,,,,Black,,Black,,,,Accessories
48.0,https://cdn.shopify.com/s/files/1/0022/4008/6074/files/V8044HNT_FA24_UNISEX_ECOMM_headwear_FLAT_LAY_2.jpg?v=1723153489&width=800&height=1000&crop=center,https://vuoriclothing.com/products/label-beanie-natural-heather?queryId=6c320e790d9ed5a9ced42fc9170b746b&collection=womens,Label Beanie,,,vuori_products_cleaned.csv,Vuori,label-beanie-natural-heather,,,,,,,,,,,,Natural Heather,,"Natural Heather, Light Heather Grey, Nutmeg Heather",,,,Accessories
32.0,https://cdn.shopify.com/s/files/1/0022/4008/6074/products/V897WHT_SP23_AXS_ECOMM_FLAT_LAY_1x1..jpg?v=1688710127&width=800&height=1000&crop=center,https://vuoriclothing.com/products/signal-golf-hat-white?queryId=6c320e790d9ed5a9ced42fc9170b746b&collection=womens,Signal Golf Hat,,,vuori_products_cleaned.csv,Vuori,signal-golf-hat-white,,,,,,,,,,,,White,,"White, Charcoal, Navy, Burnt Sienna",,,,Accessories
44.0,https://cdn.shopify.com/s/files/1/0022/4008/6074/files/V890PND_FA25_UNISEX_ACCESSORIES_FRONT_1.jpg?v=1751476585&width=800&height=1000&crop=center,https://vuoriclothing.com/products/fringe-beach-towel-pond?queryId=6c320e790d9ed5a9ced42fc9170b746b&collection=womens,Fringe Beach Towel,,,vuori_products_cleaned.csv,Vuori,fringe-beach-towel-pond,,,,,,,,,,,,Pond,,"Pond, Vintage White, Java",,,,Accessories
64.0,https://cdn.shopify.com/s/files/1/0022/4008/6074/files/V8084FGR_FA25_UNISEX_ACCESSORIES_FLAT_LAY_3.jpg?v=1754089818&width=800&height=1000&crop=center,https://vuoriclothing.com/products/yoga-mat-towel-frost-grey?queryId=6c320e790d9ed5a9ced42fc9170b746b&collection=womens,Yoga Mat Towel,,,vuori_products_cleaned.csv,Vuori,yoga-mat-towel-frost-grey,,,,,,,,,,,,Frost Grey,,Frost Grey,,,,Accessories
32.0,https://cdn.shopify.com/s/files/1/0022/4008/6074/files/VW867WHT_SP25_UNISEX_ECOMM_headwear_BACK_6.jpg?v=1754600001&width=800&height=1000&crop=center,https://vuoriclothing.com/products/topspin-visor-2-0-white?queryId=6c320e790d9ed5a9ced42fc9170b746b&collection=womens,Topspin Visor 2.0,,,vuori_products_cleaned.csv,Vuori,topspin-visor-2-0-white,,,,,,,,,,,,White,,"White, Black",,,,Accessories
30.0,https://cdn.shopify.com/s/files/1/0022/4008/6074/products/V8033WHT_AXS_SP23_ECOMM_01.jpg?v=1688710115&width=800&height=1000&crop=center,https://vuoriclothing.com/products/s6-wordmark-mizu-water-bottle-white?queryId=6c320e790d9ed5a9ced42fc9170b746b&collection=womens,S6 Wordmark Mizu Water Bottle,,,vuori_products_cleaned.csv,Vuori,s6-wordmark-mizu-water-bottle-white,,,,,,,,,,,,White,,,,,,Accessories
32.0,https://cdn.shopify.com/s/files/1/0022/4008/6074/files/V8107BLK_FA25_UNISEX_ECOMM_HEADWEAR_FLAT_LAY_2.jpg?v=1750117772&width=800&height=1000&crop=center,https://vuoriclothing.com/products/the-rise-the-shine-trucker-hat-black?queryId=6c320e790d9ed5a9ced42fc9170b746b&collection=womens,The Rise The Shine Trucker Hat,,,vuori_products_cleaned.csv,Vuori,the-rise-the-shine-trucker-hat-black,,,,,,,,,,,,Black,,"Black, Light French Blue",,,,Accessories
24.0,https://cdn.shopify.com/s/files/1/0022/4008/6074/files/V8068BLK_SP25_UNISEX_ECOMM_ACCESSORIES_FLAT_LAY_3.jpg?v=1738286330&width=800&height=1000&crop=center,https://vuoriclothing.com/products/yoga-mat-carrier-strap-black?queryId=6c320e790d9ed5a9ced42fc9170b746b&collection=womens,Yoga Mat Carrier Strap,,,vuori_products_cleaned.csv,Vuori,yoga-mat-carrier-strap-black,,,,,,,,,,,,Black,,Black,,,,Accessories
72.0,https://cdn.shopify.com/s/files/1/0022/4008/6074/files/V8078NAT_SP25_UNISEX_ECOMM_bags_FLAT_LAY_2_a31f6c04-2ef5-4c91-8faf-1a24105e6ef2.jpg?v=1745243139&width=800&height=1000&crop=center,https://vuoriclothing.com/products/coastal-tote-natural?queryId=6c320e790d9ed5a9ced42fc9170b746b&collection=womens,Coastal Tote,,,vuori_products_cleaned.csv,Vuori,coastal-tote-natural,,,,,,,,,,,,Natural,,Natural,,,,Accessories
118.0,https://cdn.shopify.com/s/files/1/0022/4008/6074/files/V8028BLK_FA23_UNISEX_ECOMM_bags_FLAT_LAY_4.jpg?v=1689201351&width=800&height=1000&crop=center,https://vuoriclothing.com/products/v1-convertible-tote-black?queryId=6c320e790d9ed5a9ced42fc9170b746b&collection=womens,V1 Convertible Tote,,,vuori_products_cleaned.csv,Vuori,v1-convertible-tote-black,,,,,,,,,,,,Black,,Black,,,,Accessories
30.0,https://cdn.shopify.com/s/files/1/0022/4008/6074/products/V8033BLK_AXS_SP23_ECOMM_01.jpg?v=1688710119&width=800&height=1000&crop=center,https://vuoriclothing.com/products/s6-wordmark-mizu-water-bottle-black?queryId=6c320e790d9ed5a9ced42fc9170b746b&collection=womens,S6 Wordmark Mizu Water Bottle,,,vuori_products_cleaned.csv,Vuori,s6-wordmark-mizu-water-bottle-black,,,,,,,,,,,,Black,,,,,,Accessories
38.0,https://cdn.shopify.com/s/files/1/0022/4008/6074/files/V8063SDG_SP25_UNISEX_ECOMM_headwear_FLAT_LAY_2.jpg?v=1738285269&width=800&height=1000&crop=center,https://vuoriclothing.com/products/qualify-run-hat-sky-grey?queryId=6c320e790d9ed5a9ced42fc9170b746b&collection=womens,Qualify Run Hat,,,vuori_products_cleaned.csv,Vuori,qualify-run-hat-sky-grey,,,,,,,,,,,,Sky Grey,,Sky Grey,,,,Accessories
28.0,https://cdn.shopify.com/s/files/1/0022/4008/6074/files/V864SII_FA24_UNISEX_ECOMM_headwear_FLAT_LAY_2_1.jpg?v=1733205419&width=800&height=1000&crop=center,https://vuoriclothing.com/products/alpine-waffle-beanie-shiitake?queryId=6c320e790d9ed5a9ced42fc9170b746b&collection=womens,Alpine Waffle Beanie,,,vuori_products_cleaned.csv,Vuori,alpine-waffle-beanie-shiitake,,,,,,,,,,,,Shiitake,,,,,,Accessories
58.0,https://cdn.shopify.com/s/files/1/0022/4008/6074/files/V821HTG-update_1.jpg?v=1703802018&width=800&height=1000&crop=center,https://vuoriclothing.com/products/douglas-beanie-charcoal-heather?queryId=6c320e790d9ed5a9ced42fc9170b746b&collection=womens,Douglas Beanie,,,vuori_products_cleaned.csv,Vuori,douglas-beanie-charcoal-heather,,,,,,,,,,,,Charcoal Heather,,"Charcoal Heather, Black, Marsh",,,,Accessories
60.0,https://cdn.shopify.com/s/files/1/0022/4008/6074/files/V8050CCL_FA24_UNISEX_ECOMM_headwear_FLAT_LAY_1.jpg?v=1726000583&width=800&height=1000&crop=center,https://vuoriclothing.com/products/performance-wool-beanie-charcoal?queryId=6c320e790d9ed5a9ced42fc9170b746b&collection=womens,Performance Wool Beanie,,,vuori_products_cleaned.csv,Vuori,performance-wool-beanie-charcoal,,,,,,,,,,,,Charcoal,,Charcoal,,,,Accessories
32.0,https://cdn.shopify.com/s/files/1/0022/4008/6074/files/V8002WHT_FA23_UNISEX_ECOMM_ACCESSORIES_FLAT_LAY_2.jpg?v=1725986433&width=800&height=1000&crop=center,https://vuoriclothing.com/products/vuori-water-tech-hat-white?queryId=6c320e790d9ed5a9ced42fc9170b746b&collection=womens,Vuori Water Tech Hat,,,vuori_products_cleaned.csv,Vuori,vuori-water-tech-hat-white,,,,,,,,,,,,White,,White,,,,Accessories
198.0,https://cdn.shopify.com/s/files/1/0022/4008/6074/files/V8030CCL_FA24_UNISEX_ECOMM_bags_FRONT_5.jpg?v=1721423827&width=800&height=1000&crop=center,https://vuoriclothing.com/products/vuori-dry-bag-charcoal?queryId=6c320e790d9ed5a9ced42fc9170b746b&collection=womens,Vuori Dry Bag,,,vuori_products_cleaned.csv,Vuori,vuori-dry-bag-charcoal,,,,,,,,,,,,Charcoal,,Charcoal,,,,Accessories
118.0,https://cdn.shopify.com/s/files/1/0022/4008/6074/files/V8038BSM_FA24_UNISEX_ECOMM_bags_FLAT_LAY_3_1.jpg?v=1733947341&width=800&height=1000&crop=center,https://vuoriclothing.com/products/vuori-backpack-balsam?queryId=6c320e790d9ed5a9ced42fc9170b746b&collection=womens,Vuori Backpack,,,vuori_products_cleaned.csv,Vuori,vuori-backpack-balsam,,,,,,,,,,,,Balsam,,"Balsam, Black",,,,Accessories
32.0,https://cdn.shopify.com/s/files/1/0022/4008/6074/files/V8059BNE_SP25_UNISEX_ECOMM_HEADWEAR_FLAT_LAY_1.jpg?v=1739478659&width=800&height=1000&crop=center,https://vuoriclothing.com/products/chainstitch-hat-bone?queryId=6c320e790d9ed5a9ced42fc9170b746b&collection=womens,Chainstitch Hat,,,vuori_products_cleaned.csv,Vuori,chainstitch-hat-bone,,,,,,,,,,,,Bone,,Bone,,,,Accessories
42.0,https://cdn.shopify.com/s/files/1/0022/4008/6074/products/VW801BLK.jpg?v=1688709967&width=800&height=1000&crop=center,https://vuoriclothing.com/products/womens-sombra-sun-hat-black?queryId=7ec37f22144d556b2c35e924552775d2&collection=womens,Sombra Sun Hat,,,vuori_products_cleaned.csv,Vuori,womens-sombra-sun-hat-black,,,,,,,,,,,,Black,,Black,,,,Accessories
16.0,https://cdn.shopify.com/s/files/1/0022/4008/6074/files/VW823FLT_FA23_WOMENS_ECOMM_headband_FLAT_LAY_1.jpg?v=1688159104&width=800&height=1000&crop=center,https://vuoriclothing.com/products/womens-quilted-puff-scrunchie-flint?queryId=7ec37f22144d556b2c35e924552775d2&collection=womens,Quilted Puff Scrunchie,,,vuori_products_cleaned.csv,Vuori,womens-quilted-puff-scrunchie-flint,,,,,,,,,,,,Flint,,Flint,,,,Accessories
54.0,https://cdn.shopify.com/s/files/1/0022/4008/6074/files/V8073MUL_2131_170e01c1-18b2-4ad0-a094-57af3303afe4.jpg?v=1734125892&width=800&height=1000&crop=center,https://vuoriclothing.com/products/v1-crew-sock-pack-multi?queryId=7ec37f22144d556b2c35e924552775d2&collection=womens,V1 Crew Sock Pack,,,vuori_products_cleaned.csv,Vuori,v1-crew-sock-pack-multi,,,,,,,,,,,,Multi,,Multi,,,,Accessories
32.0,https://cdn.shopify.com/s/files/1/0022/4008/6074/files/V8002LHG_unknown_opening_season_UNISEX_ECOMM_headwear_FLAT_LAY_1.jpg?v=1727973643&width=800&height=1000&crop=center,https://vuoriclothing.com/products/vuori-water-tech-hat-light-grey?queryId=7ec37f22144d556b2c35e924552775d2&collection=womens,Vuori Water Tech Hat,,,vuori_products_cleaned.csv,Vuori,vuori-water-tech-hat-light-grey,,,,,,,,,,,,Light Grey,,"Light Grey, Pale Wheat Heather, Light Heather Grey",,,,Accessories
32.0,https://cdn.shopify.com/s/files/1/0022/4008/6074/products/V863BLK.jpg?v=1688710001&width=800&height=1000&crop=center,https://vuoriclothing.com/products/actv-club-dad-hat-black?queryId=7ec37f22144d556b2c35e924552775d2&collection=womens,ACTV Club Dad Hat,,,vuori_products_cleaned.csv,Vuori,actv-club-dad-hat-black,,,,,,,,,,,,Black,,"Black, Soleil",,,,Accessories
32.0,https://cdn.shopify.com/s/files/1/0022/4008/6074/files/V8023PTM_FA23_UNISEX_ECOMM_headwear_FLAT_LAY_1.jpg?v=1687989656&width=800&height=1000&crop=center,https://vuoriclothing.com/products/trail-run-cap-platinum?queryId=7ec37f22144d556b2c35e924552775d2&collection=womens,Trail Run Cap,,,vuori_products_cleaned.csv,Vuori,trail-run-cap-platinum,,,,,,,,,,,,Platinum,,"Platinum, Black",,,,Accessories
32.0,https://cdn.shopify.com/s/files/1/0022/4008/6074/products/V871WHT_AXS_SP23_ECOMM_FLAT_LAY_1X1_00dfbf19-d1ee-4cb9-9d00-b49dcbde7223.jpg?v=1688710129&width=800&height=1000&crop=center,https://vuoriclothing.com/products/minimalist-hat-white?queryId=7ec37f22144d556b2c35e924552775d2&collection=womens,Minimalist Hat,,,vuori_products_cleaned.csv,Vuori,minimalist-hat-white,,,,,,,,,,,,White,,White,,,,Accessories
48.0,https://cdn.shopify.com/s/files/1/0022/4008/6074/files/V8017INK_FA23_UNISEX_ECOMM_headwear_FLAT_LAY_1.jpg?v=1688151625&width=800&height=1000&crop=center,https://vuoriclothing.com/products/manchester-beanie-ink?queryId=7ec37f22144d556b2c35e924552775d2&collection=womens,Manchester Beanie,,,vuori_products_cleaned.csv,Vuori,manchester-beanie-ink,,,,,,,,,,,,Ink,,"Ink, Ruby, Charcoal Heather, Oregano, Greige Heather",,,,Accessories
32.0,https://cdn.shopify.com/s/files/1/0022/4008/6074/files/V8021BLK_FA23_UNISEX_ECOMM_headwear_FLAT_LAY_1.jpg?v=1687989335&width=800&height=1000&crop=center,https://vuoriclothing.com/products/minimalist-hat-2-0-black?queryId=7ec37f22144d556b2c35e924552775d2&collection=womens,Minimalist Hat 2.0,,,vuori_products_cleaned.csv,Vuori,minimalist-hat-2-0-black,,,,,,,,,,,,Black,,"Black, Beryl",,,,Accessories
32.0,https://cdn.shopify.com/s/files/1/0022/4008/6074/files/V8025BLK_FA23_UNISEX_ECOMM_headwear_FLAT_LAY_2.jpg?v=1691779698&width=800&height=1000&crop=center,https://vuoriclothing.com/products/staple-trucker-hat-black?queryId=7ec37f22144d556b2c35e924552775d2&collection=womens,Staple Trucker Hat,,,vuori_products_cleaned.csv,Vuori,staple-trucker-hat-black,,,,,,,,,,,,Black,,Black,,,,Accessories
32.0,https://cdn.shopify.com/s/files/1/0022/4008/6074/files/V8019INK_SP25_UNISEX_ECOMM_ACCESSORIES_FRONT_3.jpg?v=1748026470&width=800&height=1000&crop=center,https://vuoriclothing.com/products/phases-performance-cap-ink?queryId=7ec37f22144d556b2c35e924552775d2&collection=womens,Phases Performance Cap,,,vuori_products_cleaned.csv,Vuori,phases-performance-cap-ink,,,,,,,,,,,,Ink,,"Ink, Bone",,,,Accessories
32.0,https://cdn.shopify.com/s/files/1/0022/4008/6074/products/V868WNV_0.jpg?v=1688710066&width=800&height=1000&crop=center,https://vuoriclothing.com/products/perspectives-hat-washed-navy?queryId=7ec37f22144d556b2c35e924552775d2&collection=womens,Perspectives Hat,,,vuori_products_cleaned.csv,Vuori,perspectives-hat-washed-navy,,,,,,,,,,,,Washed Navy,,Washed Navy,,,,Accessories
54.0,https://cdn.shopify.com/s/files/1/0022/4008/6074/files/VW848BLK_FA24_UNISEX_ECOMM_headwear_FLAT_LAY_1.jpg?v=1723138456&width=800&height=1000&crop=center,https://vuoriclothing.com/products/canyons-insulated-bucket-hat-black?queryId=7ec37f22144d556b2c35e924552775d2&collection=womens,Canyons Insulated Bucket Hat,,,vuori_products_cleaned.csv,Vuori,canyons-insulated-bucket-hat-black,,,,,,,,,,,,Black,,"Black, Goldenrod",,,,Accessories
32.0,https://cdn.shopify.com/s/files/1/0022/4008/6074/files/V8024SPR_unknown_current_season_UNISEX_ECOMM_ACCESSORIES_FLAT_LAY_1.jpg?v=1704922292&width=800&height=1000&crop=center,https://vuoriclothing.com/products/perspectives-foam-trucker-hat-soft-pewter?queryId=7ec37f22144d556b2c35e924552775d2&collection=womens,Perspectives Foam Trucker Hat,,,vuori_products_cleaned.csv,Vuori,perspectives-foam-trucker-hat-soft-pewter,,,,,,,,,,,,Soft Pewter,,Soft Pewter,,,,Accessories
58.0,https://cdn.shopify.com/s/files/1/0022/4008/6074/files/V821HWH_FA24_UNISEX_ECOMM_headwear_FLAT_LAY_1.jpg?v=1723138961&width=800&height=1000&crop=center,https://vuoriclothing.com/products/douglas-beanie-wheat-heather?queryId=7ec37f22144d556b2c35e924552775d2&collection=womens,Douglas Beanie,,,vuori_products_cleaned.csv,Vuori,douglas-beanie-wheat-heather,,,,,,,,,,,,Wheat Heather,,"Wheat Heather, Mulberry Heather",,,,Accessories
32.0,https://cdn.shopify.com/s/files/1/0022/4008/6074/products/V899NAT_AXS_SP23_ECOMM_FLAT_LAY_1X1_e3ad3be0-d319-4ba1-8b46-9a009c8b18e7.jpg?v=1688710119&width=800&height=1000&crop=center,https://vuoriclothing.com/products/signal-hemp-hat-natural?queryId=7ec37f22144d556b2c35e924552775d2&collection=womens,Signal Hemp Hat,,,vuori_products_cleaned.csv,Vuori,signal-hemp-hat-natural,,,,,,,,,,,,Natural,,Natural,,,,Accessories
28.0,https://cdn.shopify.com/s/files/1/0022/4008/6074/products/V889MUS.jpg?v=1688709917&width=800&height=1000&crop=center,https://vuoriclothing.com/products/clarity-dad-hat-mustard?queryId=7ec37f22144d556b2c35e924552775d2&collection=womens,Clarity Dad Hat,,,vuori_products_cleaned.csv,Vuori,clarity-dad-hat-mustard,,,,,,,,,,,,Mustard,,"Mustard, Light Grey",,,,Accessories
